,Lab,Floor,Hood,Sash,Occupancy,Internal Temp,External Temp
0,g54,ground,#biotech/biotech_ground_floor/ground_floor_fume_hood_lab_spaces/lab_g54_control/hoodvalve_flow,#biotech/biotech_ground_floor/ground_floor_fume_hood_lab_spaces/lab_g54_control/hood_sash,#biotech/biotech_ground_floor/ground_floor_fume_hood_lab_spaces/lab_g54_control/occ,#biotech/biotech_ground_floor/ground_floor_fume_hood_lab_spaces/lab_g54_control/zonetemp,#biotech/ground_flr_mech/building_hydronic_heating_syatems/reheat_heat_exchanger/oat
1,141,1st,#biotech/biotech_1st_floor/first_floor_fume_hood_lab_spaces/lab_141_control/hoodvalve_flow,#biotech/biotech_1st_floor/first_floor_fume_hood_lab_spaces/lab_141_control/hood_sash,#biotech/biotech_1st_floor/first_floor_fume_hood_lab_spaces/lab_141_control/occ,#biotech/biotech_1st_floor/first_floor_fume_hood_lab_spaces/lab_141_control/zonetemp,#biotech/ground_flr_mech/building_hydronic_heating_syatems/reheat_heat_exchanger/oat
2,143,1st,#biotech/biotech_1st_floor/first_floor_fume_hood_lab_spaces/lab_143_control/hoodvalve_flow,#biotech/biotech_1st_floor/first_floor_fume_hood_lab_spaces/lab_143_control/hood_sash,#biotech/biotech_1st_floor/first_floor_fume_hood_lab_spaces/lab_143_control/occ,#biotech/biotech_1st_floor/first_floor_fume_hood_lab_spaces/lab_143_control/zonetemp,#biotech/ground_flr_mech/building_hydronic_heating_syatems/reheat_heat_exchanger/oat
3,147b,1st,#biotech/biotech_1st_floor/first_floor_fume_hood_lab_spaces/lab_147b_control/hoodvalve_flow,#biotech/biotech_1st_floor/first_floor_fume_hood_lab_spaces/lab_147b_control/hood_sash,#biotech/biotech_1st_floor/first_floor_fume_hood_lab_spaces/lab_147b_control/occ,#biotech/biotech_1st_floor/first_floor_fume_hood_lab_spaces/lab_147b_control/zonetemp,#biotech/ground_flr_mech/building_hydronic_heating_syatems/reheat_heat_exchanger/oat
4,153,1st,#biotech/biotech_1st_floor/first_floor_fume_hood_lab_spaces/lab_153_control/hoodvalve_flow,#biotech/biotech_1st_floor/first_floor_fume_hood_lab_spaces/lab_153_control/hood_sash,#biotech/biotech_1st_floor/first_floor_fume_hood_lab_spaces/lab_153_control/occ,#biotech/biotech_1st_floor/first_floor_fume_hood_lab_spaces/lab_153_control/zonetemp,#biotech/ground_flr_mech/building_hydronic_heating_syatems/reheat_heat_exchanger/oat
5,153b,1st,#biotech/biotech_1st_floor/first_floor_fume_hood_lab_spaces/lab_153b_control/hoodvalve_flow,#biotech/biotech_1st_floor/first_floor_fume_hood_lab_spaces/lab_153b_control/hood_sash,#biotech/biotech_1st_floor/first_floor_fume_hood_lab_spaces/lab_153b_control/occ,#biotech/biotech_1st_floor/first_floor_fume_hood_lab_spaces/lab_153b_control/zonetemp,#biotech/ground_flr_mech/building_hydronic_heating_syatems/reheat_heat_exchanger/oat
6,155,1st,#biotech/biotech_1st_floor/first_floor_fume_hood_lab_spaces/lab_155_control/hoodvalve_flow,#biotech/biotech_1st_floor/first_floor_fume_hood_lab_spaces/lab_155_control/hood_sash,#biotech/biotech_1st_floor/first_floor_fume_hood_lab_spaces/lab_155_control/occ,#biotech/biotech_1st_floor/first_floor_fume_hood_lab_spaces/lab_155_control/zonetemp,#biotech/ground_flr_mech/building_hydronic_heating_syatems/reheat_heat_exchanger/oat
7,160,1st,#biotech/biotech_1st_floor/first_floor_fume_hood_lab_spaces/lab_160_control/hoodvalve_flow,#biotech/biotech_1st_floor/first_floor_fume_hood_lab_spaces/lab_160_control/hood_sash,#biotech/biotech_1st_floor/first_floor_fume_hood_lab_spaces/lab_160_control/occ,#biotech/biotech_1st_floor/first_floor_fume_hood_lab_spaces/lab_160_control/zonetemp,#biotech/ground_flr_mech/building_hydronic_heating_syatems/reheat_heat_exchanger/oat
8,217b,2nd,#biotech/biotech_2nd_floor/second_floor_fume_hood_lab_spaces/lab_217b_control/hoodvalve_flow,#biotech/biotech_2nd_floor/second_floor_fume_hood_lab_spaces/lab_217b_control/hood_sash,#biotech/biotech_2nd_floor/second_floor_fume_hood_lab_spaces/lab_217b_control/occ,#biotech/biotech_2nd_floor/second_floor_fume_hood_lab_spaces/lab_217b_control/zonetemp,#biotech/ground_flr_mech/building_hydronic_heating_syatems/reheat_heat_exchanger/oat
9,221,2nd,#biotech/biotech_2nd_floor/second_floor_fume_hood_lab_spaces/lab_221_control/hoodvalve_flow,#biotech/biotech_2nd_floor/second_floor_fume_hood_lab_spaces/lab_221_control/hood_sash,#biotech/biotech_2nd_floor/second_floor_fume_hood_lab_spaces/lab_221_control/occ,#biotech/biotech_2nd_floor/second_floor_fume_hood_lab_spaces/lab_221_control/zonetemp,#biotech/ground_flr_mech/building_hydronic_heating_syatems/reheat_heat_exchanger/oat
10,221b,2nd,#biotech/biotech_2nd_floor/second_floor_fume_hood_lab_spaces/lab_221b_control/hoodvalve_flow,#biotech/biotech_2nd_floor/second_floor_fume_hood_lab_spaces/lab_221b_control/hood_sash,#biotech/biotech_2nd_floor/second_floor_fume_hood_lab_spaces/lab_221b_control/occ,#biotech/biotech_2nd_floor/second_floor_fume_hood_lab_spaces/lab_221b_control/zonetemp,#biotech/ground_flr_mech/building_hydronic_heating_syatems/reheat_heat_exchanger/oat
11,227,2nd,#biotech/biotech_2nd_floor/second_floor_fume_hood_lab_spaces/lab_227_control/hoodvalve_flow,#biotech/biotech_2nd_floor/second_floor_fume_hood_lab_spaces/lab_227_control/hood_sash,#biotech/biotech_2nd_floor/second_floor_fume_hood_lab_spaces/lab_227_control/occ,#biotech/biotech_2nd_floor/second_floor_fume_hood_lab_spaces/lab_227_control/zonetemp,#biotech/ground_flr_mech/building_hydronic_heating_syatems/reheat_heat_exchanger/oat
12,227b,2nd,#biotech/biotech_2nd_floor/second_floor_fume_hood_lab_spaces/lab_227b_control/hoodvalve_flow,#biotech/biotech_2nd_floor/second_floor_fume_hood_lab_spaces/lab_227b_control/hood_sash,#biotech/biotech_2nd_floor/second_floor_fume_hood_lab_spaces/lab_227b_control/occ,#biotech/biotech_2nd_floor/second_floor_fume_hood_lab_spaces/lab_227b_control/zonetemp,#biotech/ground_flr_mech/building_hydronic_heating_syatems/reheat_heat_exchanger/oat
13,233,2nd,#biotech/biotech_2nd_floor/second_floor_fume_hood_lab_spaces/lab_233_control/hoodvalve_flow,#biotech/biotech_2nd_floor/second_floor_fume_hood_lab_spaces/lab_233_control/hood_sash,#biotech/biotech_2nd_floor/second_floor_fume_hood_lab_spaces/lab_233_control/occ,#biotech/biotech_2nd_floor/second_floor_fume_hood_lab_spaces/lab_233_control/zonetemp,#biotech/ground_flr_mech/building_hydronic_heating_syatems/reheat_heat_exchanger/oat
14,233b,2nd,#biotech/biotech_2nd_floor/second_floor_fume_hood_lab_spaces/lab_233b_control/hoodvalve_flow,#biotech/biotech_2nd_floor/second_floor_fume_hood_lab_spaces/lab_233b_control/hood_sash,#biotech/biotech_2nd_floor/second_floor_fume_hood_lab_spaces/lab_233b_control/occ,#biotech/biotech_2nd_floor/second_floor_fume_hood_lab_spaces/lab_233b_control/zonetemp,#biotech/ground_flr_mech/building_hydronic_heating_syatems/reheat_heat_exchanger/oat
15,241,2nd,#biotech/biotech_2nd_floor/second_floor_fume_hood_lab_spaces/lab_241_control/hoodvalve_flow,#biotech/biotech_2nd_floor/second_floor_fume_hood_lab_spaces/lab_241_control/hood_sash,#biotech/biotech_2nd_floor/second_floor_fume_hood_lab_spaces/lab_241_control/occ,#biotech/biotech_2nd_floor/second_floor_fume_hood_lab_spaces/lab_241_control/zonetemp,#biotech/ground_flr_mech/building_hydronic_heating_syatems/reheat_heat_exchanger/oat
16,241b,2nd,#biotech/biotech_2nd_floor/second_floor_fume_hood_lab_spaces/lab_241b_control/hoodvalve_flow,#biotech/biotech_2nd_floor/second_floor_fume_hood_lab_spaces/lab_241b_control/hood_sash,#biotech/biotech_2nd_floor/second_floor_fume_hood_lab_spaces/lab_241b_control/occ,#biotech/biotech_2nd_floor/second_floor_fume_hood_lab_spaces/lab_241b_control/zonetemp,#biotech/ground_flr_mech/building_hydronic_heating_syatems/reheat_heat_exchanger/oat
17,253,2nd,#biotech/biotech_2nd_floor/second_floor_fume_hood_lab_spaces/lab_253_control/hoodvalve_flow,#biotech/biotech_2nd_floor/second_floor_fume_hood_lab_spaces/lab_253_control/hood_sash,#biotech/biotech_2nd_floor/second_floor_fume_hood_lab_spaces/lab_253_control/occ,#biotech/biotech_2nd_floor/second_floor_fume_hood_lab_spaces/lab_253_control/zonetemp,#biotech/ground_flr_mech/building_hydronic_heating_syatems/reheat_heat_exchanger/oat
18,253b,2nd,#biotech/biotech_2nd_floor/second_floor_fume_hood_lab_spaces/lab_253b_control/hoodvalve_flow,#biotech/biotech_2nd_floor/second_floor_fume_hood_lab_spaces/lab_253b_control/hood_sash,#biotech/biotech_2nd_floor/second_floor_fume_hood_lab_spaces/lab_253b_control/occ,#biotech/biotech_2nd_floor/second_floor_fume_hood_lab_spaces/lab_253b_control/zonetemp,#biotech/ground_flr_mech/building_hydronic_heating_syatems/reheat_heat_exchanger/oat
19,257,2nd,#biotech/biotech_2nd_floor/second_floor_fume_hood_lab_spaces/lab_257_control/hoodvalve_flow,#biotech/biotech_2nd_floor/second_floor_fume_hood_lab_spaces/lab_257_control/hood_sash,#biotech/biotech_2nd_floor/second_floor_fume_hood_lab_spaces/lab_257_control/occ,#biotech/biotech_2nd_floor/second_floor_fume_hood_lab_spaces/lab_257_control/zonetemp,#biotech/ground_flr_mech/building_hydronic_heating_syatems/reheat_heat_exchanger/oat
20,257b,2nd,#biotech/biotech_2nd_floor/second_floor_fume_hood_lab_spaces/lab_257b_control/hoodvalve_flow,#biotech/biotech_2nd_floor/second_floor_fume_hood_lab_spaces/lab_257b_control/hood_sash,#biotech/biotech_2nd_floor/second_floor_fume_hood_lab_spaces/lab_257b_control/occ,#biotech/biotech_2nd_floor/second_floor_fume_hood_lab_spaces/lab_257b_control/zonetemp,#biotech/ground_flr_mech/building_hydronic_heating_syatems/reheat_heat_exchanger/oat
21,260,2nd,#biotech/biotech_2nd_floor/second_floor_fume_hood_lab_spaces/lab_260_control/hoodvalve_flow,#biotech/biotech_2nd_floor/second_floor_fume_hood_lab_spaces/lab_260_control/hood_sash,#biotech/biotech_2nd_floor/second_floor_fume_hood_lab_spaces/lab_260_control/occ,#biotech/biotech_2nd_floor/second_floor_fume_hood_lab_spaces/lab_260_control/zonetemp,#biotech/ground_flr_mech/building_hydronic_heating_syatems/reheat_heat_exchanger/oat
22,260b,2nd,#biotech/biotech_2nd_floor/second_floor_fume_hood_lab_spaces/lab_260b_control/hoodvalve_flow,#biotech/biotech_2nd_floor/second_floor_fume_hood_lab_spaces/lab_260b_control/hood_sash,#biotech/biotech_2nd_floor/second_floor_fume_hood_lab_spaces/lab_260b_control/occ,#biotech/biotech_2nd_floor/second_floor_fume_hood_lab_spaces/lab_260b_control/zonetemp,#biotech/ground_flr_mech/building_hydronic_heating_syatems/reheat_heat_exchanger/oat
23,267,2nd,#biotech/biotech_2nd_floor/second_floor_fume_hood_lab_spaces/lab_267_control/hoodvalve_flow,#biotech/biotech_2nd_floor/second_floor_fume_hood_lab_spaces/lab_267_control/hood_sash,#biotech/biotech_2nd_floor/second_floor_fume_hood_lab_spaces/lab_267_control/occ,#biotech/biotech_2nd_floor/second_floor_fume_hood_lab_spaces/lab_267_control/zonetemp,#biotech/ground_flr_mech/building_hydronic_heating_syatems/reheat_heat_exchanger/oat
24,267b,2nd,#biotech/biotech_2nd_floor/second_floor_fume_hood_lab_spaces/lab_267b_control/hoodvalve_flow,#biotech/biotech_2nd_floor/second_floor_fume_hood_lab_spaces/lab_267b_control/hood_sash,#biotech/biotech_2nd_floor/second_floor_fume_hood_lab_spaces/lab_267b_control/occ,#biotech/biotech_2nd_floor/second_floor_fume_hood_lab_spaces/lab_267b_control/zonetemp,#biotech/ground_flr_mech/building_hydronic_heating_syatems/reheat_heat_exchanger/oat
25,303,3rd,#biotech/biotech_3rd_floor/third_floor_fume_hood_lab_spaces/lab_303_control/hoodvalve_flow,#biotech/biotech_3rd_floor/third_floor_fume_hood_lab_spaces/lab_303_control/hood_sash,#biotech/biotech_3rd_floor/third_floor_fume_hood_lab_spaces/lab_303_control/occ,#biotech/biotech_3rd_floor/third_floor_fume_hood_lab_spaces/lab_303_control/zonetemp,#biotech/ground_flr_mech/building_hydronic_heating_syatems/reheat_heat_exchanger/oat
26,303b,3rd,#biotech/biotech_3rd_floor/third_floor_fume_hood_lab_spaces/lab_303b_control/hoodvalve_flow,#biotech/biotech_3rd_floor/third_floor_fume_hood_lab_spaces/lab_303b_control/hood_sash,#biotech/biotech_3rd_floor/third_floor_fume_hood_lab_spaces/lab_303b_control/occ,#biotech/biotech_3rd_floor/third_floor_fume_hood_lab_spaces/lab_303b_control/zonetemp,#biotech/ground_flr_mech/building_hydronic_heating_syatems/reheat_heat_exchanger/oat
27,309,3rd,#biotech/biotech_3rd_floor/third_floor_fume_hood_lab_spaces/lab_309_control/hoodvalve_flow,#biotech/biotech_3rd_floor/third_floor_fume_hood_lab_spaces/lab_309_control/hood_sash,#biotech/biotech_3rd_floor/third_floor_fume_hood_lab_spaces/lab_309_control/occ,#biotech/biotech_3rd_floor/third_floor_fume_hood_lab_spaces/lab_309_control/zonetemp,#biotech/ground_flr_mech/building_hydronic_heating_syatems/reheat_heat_exchanger/oat
28,309b,3rd,#biotech/biotech_3rd_floor/third_floor_fume_hood_lab_spaces/lab_309b_control/hoodvalve_flow,#biotech/biotech_3rd_floor/third_floor_fume_hood_lab_spaces/lab_309b_control/hood_sash,#biotech/biotech_3rd_floor/third_floor_fume_hood_lab_spaces/lab_309b_control/occ,#biotech/biotech_3rd_floor/third_floor_fume_hood_lab_spaces/lab_309b_control/zonetemp,#biotech/ground_flr_mech/building_hydronic_heating_syatems/reheat_heat_exchanger/oat
29,317,3rd,#biotech/biotech_3rd_floor/third_floor_fume_hood_lab_spaces/lab_317_control/hoodvalve_flow,#biotech/biotech_3rd_floor/third_floor_fume_hood_lab_spaces/lab_317_control/hood_sash,#biotech/biotech_3rd_floor/third_floor_fume_hood_lab_spaces/lab_317_control/occ,#biotech/biotech_3rd_floor/third_floor_fume_hood_lab_spaces/lab_317_control/zonetemp,#biotech/ground_flr_mech/building_hydronic_heating_syatems/reheat_heat_exchanger/oat
30,317b,3rd,#biotech/biotech_3rd_floor/third_floor_fume_hood_lab_spaces/lab_317b_control/hoodvalve_flow,#biotech/biotech_3rd_floor/third_floor_fume_hood_lab_spaces/lab_317b_control/hood_sash,#biotech/biotech_3rd_floor/third_floor_fume_hood_lab_spaces/lab_317b_control/occ,#biotech/biotech_3rd_floor/third_floor_fume_hood_lab_spaces/lab_317b_control/zonetemp,#biotech/ground_flr_mech/building_hydronic_heating_syatems/reheat_heat_exchanger/oat
31,318,3rd,#biotech/biotech_3rd_floor/third_floor_fume_hood_lab_spaces/lab_318_control/hoodvalve_flow,#biotech/biotech_3rd_floor/third_floor_fume_hood_lab_spaces/lab_318_control/hood_sash,#biotech/biotech_3rd_floor/third_floor_fume_hood_lab_spaces/lab_318_control/occ,#biotech/biotech_3rd_floor/third_floor_fume_hood_lab_spaces/lab_318_control/zonetemp,#biotech/ground_flr_mech/building_hydronic_heating_syatems/reheat_heat_exchanger/oat
32,321,3rd,#biotech/biotech_3rd_floor/third_floor_fume_hood_lab_spaces/lab_321_control/hoodvalve_flow,#biotech/biotech_3rd_floor/third_floor_fume_hood_lab_spaces/lab_321_control/hood_sash,#biotech/biotech_3rd_floor/third_floor_fume_hood_lab_spaces/lab_321_control/occ,#biotech/biotech_3rd_floor/third_floor_fume_hood_lab_spaces/lab_321_control/zonetemp,#biotech/ground_flr_mech/building_hydronic_heating_syatems/reheat_heat_exchanger/oat
33,321b,3rd,#biotech/biotech_3rd_floor/third_floor_fume_hood_lab_spaces/lab_321b_control/hoodvalve_flow,#biotech/biotech_3rd_floor/third_floor_fume_hood_lab_spaces/lab_321b_control/hood_sash,#biotech/biotech_3rd_floor/third_floor_fume_hood_lab_spaces/lab_321b_control/occ,#biotech/biotech_3rd_floor/third_floor_fume_hood_lab_spaces/lab_321b_control/zonetemp,#biotech/ground_flr_mech/building_hydronic_heating_syatems/reheat_heat_exchanger/oat
34,327,3rd,#biotech/biotech_3rd_floor/third_floor_fume_hood_lab_spaces/lab_327_control/hoodvalve_flow,#biotech/biotech_3rd_floor/third_floor_fume_hood_lab_spaces/lab_327_control/hood_sash,#biotech/biotech_3rd_floor/third_floor_fume_hood_lab_spaces/lab_327_control/occ,#biotech/biotech_3rd_floor/third_floor_fume_hood_lab_spaces/lab_327_control/zonetemp,#biotech/ground_flr_mech/building_hydronic_heating_syatems/reheat_heat_exchanger/oat
35,327b,3rd,#biotech/biotech_3rd_floor/third_floor_fume_hood_lab_spaces/lab_327b_control/hoodvalve_flow,#biotech/biotech_3rd_floor/third_floor_fume_hood_lab_spaces/lab_327b_control/hood_sash,#biotech/biotech_3rd_floor/third_floor_fume_hood_lab_spaces/lab_327b_control/occ,#biotech/biotech_3rd_floor/third_floor_fume_hood_lab_spaces/lab_327b_control/zonetemp,#biotech/ground_flr_mech/building_hydronic_heating_syatems/reheat_heat_exchanger/oat
36,333,3rd,#biotech/biotech_3rd_floor/third_floor_fume_hood_lab_spaces/lab_333_control/hoodvalve_flow,#biotech/biotech_3rd_floor/third_floor_fume_hood_lab_spaces/lab_333_control/hood_sash,#biotech/biotech_3rd_floor/third_floor_fume_hood_lab_spaces/lab_333_control/occ,#biotech/biotech_3rd_floor/third_floor_fume_hood_lab_spaces/lab_333_control/zonetemp,#biotech/ground_flr_mech/building_hydronic_heating_syatems/reheat_heat_exchanger/oat
37,333b,3rd,#biotech/biotech_3rd_floor/third_floor_fume_hood_lab_spaces/lab_333b_control/hoodvalve_flow,#biotech/biotech_3rd_floor/third_floor_fume_hood_lab_spaces/lab_333b_control/hood_sash,#biotech/biotech_3rd_floor/third_floor_fume_hood_lab_spaces/lab_333b_control/occ,#biotech/biotech_3rd_floor/third_floor_fume_hood_lab_spaces/lab_333b_control/zonetemp,#biotech/ground_flr_mech/building_hydronic_heating_syatems/reheat_heat_exchanger/oat
38,341,3rd,#biotech/biotech_3rd_floor/third_floor_fume_hood_lab_spaces/lab_341_control/hoodvalve_flow,#biotech/biotech_3rd_floor/third_floor_fume_hood_lab_spaces/lab_341_control/hood_sash,#biotech/biotech_3rd_floor/third_floor_fume_hood_lab_spaces/lab_341_control/occ,#biotech/biotech_3rd_floor/third_floor_fume_hood_lab_spaces/lab_341_control/zonetemp,#biotech/ground_flr_mech/building_hydronic_heating_syatems/reheat_heat_exchanger/oat
39,341b,3rd,#biotech/biotech_3rd_floor/third_floor_fume_hood_lab_spaces/lab_341b_control/hoodvalve_flow,#biotech/biotech_3rd_floor/third_floor_fume_hood_lab_spaces/lab_341b_control/hood_sash,#biotech/biotech_3rd_floor/third_floor_fume_hood_lab_spaces/lab_341b_control/occ,#biotech/biotech_3rd_floor/third_floor_fume_hood_lab_spaces/lab_341b_control/zonetemp,#biotech/ground_flr_mech/building_hydronic_heating_syatems/reheat_heat_exchanger/oat
40,345,3rd,#biotech/biotech_3rd_floor/third_floor_fume_hood_lab_spaces/lab_345_control/hoodvalve_flow,#biotech/biotech_3rd_floor/third_floor_fume_hood_lab_spaces/lab_345_control/hood_sash,#biotech/biotech_3rd_floor/third_floor_fume_hood_lab_spaces/lab_345_control/occ,#biotech/biotech_3rd_floor/third_floor_fume_hood_lab_spaces/lab_345_control/zonetemp,#biotech/ground_flr_mech/building_hydronic_heating_syatems/reheat_heat_exchanger/oat
41,345b,3rd,#biotech/biotech_3rd_floor/third_floor_fume_hood_lab_spaces/lab_345b_control/hoodvalve_flow,#biotech/biotech_3rd_floor/third_floor_fume_hood_lab_spaces/lab_345b_control/hood_sash,#biotech/biotech_3rd_floor/third_floor_fume_hood_lab_spaces/lab_345b_control/occ,#biotech/biotech_3rd_floor/third_floor_fume_hood_lab_spaces/lab_345b_control/zonetemp,#biotech/ground_flr_mech/building_hydronic_heating_syatems/reheat_heat_exchanger/oat
42,360,3rd,#biotech/biotech_3rd_floor/third_floor_fume_hood_lab_spaces/lab_360_control/hoodvalve_flow,#biotech/biotech_3rd_floor/third_floor_fume_hood_lab_spaces/lab_360_control/hood_sash,#biotech/biotech_3rd_floor/third_floor_fume_hood_lab_spaces/lab_360_control/occ,#biotech/biotech_3rd_floor/third_floor_fume_hood_lab_spaces/lab_360_control/zonetemp,#biotech/ground_flr_mech/building_hydronic_heating_syatems/reheat_heat_exchanger/oat
43,360b,3rd,#biotech/biotech_3rd_floor/third_floor_fume_hood_lab_spaces/lab_360b_control/hoodvalve_flow,#biotech/biotech_3rd_floor/third_floor_fume_hood_lab_spaces/lab_360b_control/hood_sash,#biotech/biotech_3rd_floor/third_floor_fume_hood_lab_spaces/lab_360b_control/occ,#biotech/biotech_3rd_floor/third_floor_fume_hood_lab_spaces/lab_360b_control/zonetemp,#biotech/ground_flr_mech/building_hydronic_heating_syatems/reheat_heat_exchanger/oat
44,367,3rd,#biotech/biotech_3rd_floor/third_floor_fume_hood_lab_spaces/lab_367_control/hoodvalve_flow,#biotech/biotech_3rd_floor/third_floor_fume_hood_lab_spaces/lab_367_control/hood_sash,#biotech/biotech_3rd_floor/third_floor_fume_hood_lab_spaces/lab_367_control/occ,#biotech/biotech_3rd_floor/third_floor_fume_hood_lab_spaces/lab_367_control/zonetemp,#biotech/ground_flr_mech/building_hydronic_heating_syatems/reheat_heat_exchanger/oat
45,367b,3rd,#biotech/biotech_3rd_floor/third_floor_fume_hood_lab_spaces/lab_367b_control/hoodvalve_flow,#biotech/biotech_3rd_floor/third_floor_fume_hood_lab_spaces/lab_367b_control/hood_sash,#biotech/biotech_3rd_floor/third_floor_fume_hood_lab_spaces/lab_367b_control/occ,#biotech/biotech_3rd_floor/third_floor_fume_hood_lab_spaces/lab_367b_control/zonetemp,#biotech/ground_flr_mech/building_hydronic_heating_syatems/reheat_heat_exchanger/oat
46,403,4th,#biotech/biotech_4th_floor/fourth_floor_fume_hood_lab_spaces/lab_403_control/hoodvalve_flow,#biotech/biotech_4th_floor/fourth_floor_fume_hood_lab_spaces/lab_403_control/hood_sash,#biotech/biotech_4th_floor/fourth_floor_fume_hood_lab_spaces/lab_403_control/occ,#biotech/biotech_4th_floor/fourth_floor_fume_hood_lab_spaces/lab_403_control/zonetemp,#biotech/ground_flr_mech/building_hydronic_heating_syatems/reheat_heat_exchanger/oat
47,403b,4th,#biotech/biotech_4th_floor/fourth_floor_fume_hood_lab_spaces/lab_403b_control/hoodvalve_flow,#biotech/biotech_4th_floor/fourth_floor_fume_hood_lab_spaces/lab_403b_control/hood_sash,#biotech/biotech_4th_floor/fourth_floor_fume_hood_lab_spaces/lab_403b_control/occ,#biotech/biotech_4th_floor/fourth_floor_fume_hood_lab_spaces/lab_403b_control/zonetemp,#biotech/ground_flr_mech/building_hydronic_heating_syatems/reheat_heat_exchanger/oat
48,409,4th,#biotech/biotech_4th_floor/fourth_floor_fume_hood_lab_spaces/lab_409_control/hoodvalve_flow,#biotech/biotech_4th_floor/fourth_floor_fume_hood_lab_spaces/lab_409_control/hood_sash,#biotech/biotech_4th_floor/fourth_floor_fume_hood_lab_spaces/lab_409_control/occ,#biotech/biotech_4th_floor/fourth_floor_fume_hood_lab_spaces/lab_409_control/zonetemp,#biotech/ground_flr_mech/building_hydronic_heating_syatems/reheat_heat_exchanger/oat
49,409b,4th,#biotech/biotech_4th_floor/fourth_floor_fume_hood_lab_spaces/lab_409b_control/hoodvalve_flow,#biotech/biotech_4th_floor/fourth_floor_fume_hood_lab_spaces/lab_409b_control/hood_sash,#biotech/biotech_4th_floor/fourth_floor_fume_hood_lab_spaces/lab_409b_control/occ,#biotech/biotech_4th_floor/fourth_floor_fume_hood_lab_spaces/lab_409b_control/zonetemp,#biotech/ground_flr_mech/building_hydronic_heating_syatems/reheat_heat_exchanger/oat
50,417,4th,#biotech/biotech_4th_floor/fourth_floor_fume_hood_lab_spaces/lab_417_control/hoodvalve_flow,#biotech/biotech_4th_floor/fourth_floor_fume_hood_lab_spaces/lab_417_control/hood_sash,#biotech/biotech_4th_floor/fourth_floor_fume_hood_lab_spaces/lab_417_control/occ,#biotech/biotech_4th_floor/fourth_floor_fume_hood_lab_spaces/lab_417_control/zonetemp,#biotech/ground_flr_mech/building_hydronic_heating_syatems/reheat_heat_exchanger/oat
51,417b,4th,#biotech/biotech_4th_floor/fourth_floor_fume_hood_lab_spaces/lab_417b_control/hoodvalve_flow,#biotech/biotech_4th_floor/fourth_floor_fume_hood_lab_spaces/lab_417b_control/hood_sash,#biotech/biotech_4th_floor/fourth_floor_fume_hood_lab_spaces/lab_417b_control/occ,#biotech/biotech_4th_floor/fourth_floor_fume_hood_lab_spaces/lab_417b_control/zonetemp,#biotech/ground_flr_mech/building_hydronic_heating_syatems/reheat_heat_exchanger/oat
52,418,4th,#biotech/biotech_4th_floor/fourth_floor_fume_hood_lab_spaces/lab_418_control/hoodvalve_flow,#biotech/biotech_4th_floor/fourth_floor_fume_hood_lab_spaces/lab_418_control/hood_sash,#biotech/biotech_4th_floor/fourth_floor_fume_hood_lab_spaces/lab_418_control/occ,#biotech/biotech_4th_floor/fourth_floor_fume_hood_lab_spaces/lab_418_control/zonetemp,#biotech/ground_flr_mech/building_hydronic_heating_syatems/reheat_heat_exchanger/oat
53,421,4th,#biotech/biotech_4th_floor/fourth_floor_fume_hood_lab_spaces/lab_421_control/hoodvalve_flow,#biotech/biotech_4th_floor/fourth_floor_fume_hood_lab_spaces/lab_421_control/hood_sash,#biotech/biotech_4th_floor/fourth_floor_fume_hood_lab_spaces/lab_421_control/occ,#biotech/biotech_4th_floor/fourth_floor_fume_hood_lab_spaces/lab_421_control/zonetemp,#biotech/ground_flr_mech/building_hydronic_heating_syatems/reheat_heat_exchanger/oat
54,421b,4th,#biotech/biotech_4th_floor/fourth_floor_fume_hood_lab_spaces/lab_421b_control/hoodvalve_flow,#biotech/biotech_4th_floor/fourth_floor_fume_hood_lab_spaces/lab_421b_control/hood_sash,#biotech/biotech_4th_floor/fourth_floor_fume_hood_lab_spaces/lab_421b_control/occ,#biotech/biotech_4th_floor/fourth_floor_fume_hood_lab_spaces/lab_421b_control/zonetemp,#biotech/ground_flr_mech/building_hydronic_heating_syatems/reheat_heat_exchanger/oat
55,427b,4th,#biotech/biotech_4th_floor/fourth_floor_fume_hood_lab_spaces/lab_427b_control/hoodvalve_flow,#biotech/biotech_4th_floor/fourth_floor_fume_hood_lab_spaces/lab_427b_control/hood_sash,#biotech/biotech_4th_floor/fourth_floor_fume_hood_lab_spaces/lab_427b_control/occ,#biotech/biotech_4th_floor/fourth_floor_fume_hood_lab_spaces/lab_427b_control/zonetemp,#biotech/ground_flr_mech/building_hydronic_heating_syatems/reheat_heat_exchanger/oat
56,433,4th,#biotech/biotech_4th_floor/fourth_floor_fume_hood_lab_spaces/lab_433_control/hoodvalve_flow,#biotech/biotech_4th_floor/fourth_floor_fume_hood_lab_spaces/lab_433_control/hood_sash,#biotech/biotech_4th_floor/fourth_floor_fume_hood_lab_spaces/lab_433_control/occ,#biotech/biotech_4th_floor/fourth_floor_fume_hood_lab_spaces/lab_433_control/zonetemp,#biotech/ground_flr_mech/building_hydronic_heating_syatems/reheat_heat_exchanger/oat
57,433b,4th,#biotech/biotech_4th_floor/fourth_floor_fume_hood_lab_spaces/lab_433b_control/hoodvalve_flow,#biotech/biotech_4th_floor/fourth_floor_fume_hood_lab_spaces/lab_433b_control/hood_sash,#biotech/biotech_4th_floor/fourth_floor_fume_hood_lab_spaces/lab_433b_control/occ,#biotech/biotech_4th_floor/fourth_floor_fume_hood_lab_spaces/lab_433b_control/zonetemp,#biotech/ground_flr_mech/building_hydronic_heating_syatems/reheat_heat_exchanger/oat
58,441,4th,#biotech/biotech_4th_floor/fourth_floor_fume_hood_lab_spaces/lab_441_control/hoodvalve_flow,#biotech/biotech_4th_floor/fourth_floor_fume_hood_lab_spaces/lab_441_control/hood_sash,#biotech/biotech_4th_floor/fourth_floor_fume_hood_lab_spaces/lab_441_control/occ,#biotech/biotech_4th_floor/fourth_floor_fume_hood_lab_spaces/lab_441_control/zonetemp,#biotech/ground_flr_mech/building_hydronic_heating_syatems/reheat_heat_exchanger/oat
59,441b,4th,#biotech/biotech_4th_floor/fourth_floor_fume_hood_lab_spaces/lab_441b_control/hoodvalve_flow,#biotech/biotech_4th_floor/fourth_floor_fume_hood_lab_spaces/lab_441b_control/hood_sash,#biotech/biotech_4th_floor/fourth_floor_fume_hood_lab_spaces/lab_441b_control/occ,#biotech/biotech_4th_floor/fourth_floor_fume_hood_lab_spaces/lab_441b_control/zonetemp,#biotech/ground_flr_mech/building_hydronic_heating_syatems/reheat_heat_exchanger/oat
60,445,4th,#biotech/biotech_4th_floor/fourth_floor_fume_hood_lab_spaces/lab_445_control/hoodvalve_flow,#biotech/biotech_4th_floor/fourth_floor_fume_hood_lab_spaces/lab_445_control/hood_sash,#biotech/biotech_4th_floor/fourth_floor_fume_hood_lab_spaces/lab_445_control/occ,#biotech/biotech_4th_floor/fourth_floor_fume_hood_lab_spaces/lab_445_control/zonetemp,#biotech/ground_flr_mech/building_hydronic_heating_syatems/reheat_heat_exchanger/oat
61,445b,4th,#biotech/biotech_4th_floor/fourth_floor_fume_hood_lab_spaces/lab_445b_control/hoodvalve_flow,#biotech/biotech_4th_floor/fourth_floor_fume_hood_lab_spaces/lab_445b_control/hood_sash,#biotech/biotech_4th_floor/fourth_floor_fume_hood_lab_spaces/lab_445b_control/occ,#biotech/biotech_4th_floor/fourth_floor_fume_hood_lab_spaces/lab_445b_control/zonetemp,#biotech/ground_flr_mech/building_hydronic_heating_syatems/reheat_heat_exchanger/oat
62,453,4th,#biotech/biotech_4th_floor/fourth_floor_fume_hood_lab_spaces/lab_453_control/hoodvalve_flow,#biotech/biotech_4th_floor/fourth_floor_fume_hood_lab_spaces/lab_453_control/hood_sash,#biotech/biotech_4th_floor/fourth_floor_fume_hood_lab_spaces/lab_453_control/occ,#biotech/biotech_4th_floor/fourth_floor_fume_hood_lab_spaces/lab_453_control/zonetemp,#biotech/ground_flr_mech/building_hydronic_heating_syatems/reheat_heat_exchanger/oat
63,453b,4th,#biotech/biotech_4th_floor/fourth_floor_fume_hood_lab_spaces/lab_453b_control/hoodvalve_flow,#biotech/biotech_4th_floor/fourth_floor_fume_hood_lab_spaces/lab_453b_control/hood_sash,#biotech/biotech_4th_floor/fourth_floor_fume_hood_lab_spaces/lab_453b_control/occ,#biotech/biotech_4th_floor/fourth_floor_fume_hood_lab_spaces/lab_453b_control/zonetemp,#biotech/ground_flr_mech/building_hydronic_heating_syatems/reheat_heat_exchanger/oat
64,457,4th,#biotech/biotech_4th_floor/fourth_floor_fume_hood_lab_spaces/lab_457_control/hoodvalve_flow,#biotech/biotech_4th_floor/fourth_floor_fume_hood_lab_spaces/lab_457_control/hood_sash,#biotech/biotech_4th_floor/fourth_floor_fume_hood_lab_spaces/lab_457_control/occ,#biotech/biotech_4th_floor/fourth_floor_fume_hood_lab_spaces/lab_457_control/zonetemp,#biotech/ground_flr_mech/building_hydronic_heating_syatems/reheat_heat_exchanger/oat
65,457b,4th,#biotech/biotech_4th_floor/fourth_floor_fume_hood_lab_spaces/lab_457b_control/hoodvalve_flow,#biotech/biotech_4th_floor/fourth_floor_fume_hood_lab_spaces/lab_457b_control/hood_sash,#biotech/biotech_4th_floor/fourth_floor_fume_hood_lab_spaces/lab_457b_control/occ,#biotech/biotech_4th_floor/fourth_floor_fume_hood_lab_spaces/lab_457b_control/zonetemp,#biotech/ground_flr_mech/building_hydronic_heating_syatems/reheat_heat_exchanger/oat
