,name,building,Floor,Lab,hood,Server,Flow Sensor,Sash,Occupancy,Internal Temp,External Temp,FloorNum,Energy Occupied,Energy Unoccupied,Sash Open Time Occupied,Sash Open Time Unoccupied
0,Biotech.Floor_4.Lab_457B.Hood_1,biotech,G,G54,1,biotech_main,#biotech/biotech_ground_floor/ground_floor_fume_hood_lab_spaces/lab_g54_control/hoodvalve_flow,#biotech/biotech_ground_floor/ground_floor_fume_hood_lab_spaces/lab_g54_control/hood_sash,#biotech/biotech_ground_floor/ground_floor_fume_hood_lab_spaces/lab_g54_control/occ,#biotech/biotech_ground_floor/ground_floor_fume_hood_lab_spaces/lab_g54_control/zone/zone_temp/trend_log,#biotech/ground_flr_mech/building_hydronic_heating_syatems/reheat_heat_exchanger/oat,,Biotech.nanFloor.Lab_G54.Hood_1.energy.occ,Biotech.nanFloor.Lab_G54.Hood_1.energy.unocc,Biotech.nanFloor.Lab_G54.Hood_1.sashOpenTime.occ,Biotech.nanFloor.Lab_G54.Hood_1.sashOpenTime.unocc
1,Biotech.Floor_4.Lab_457B.Hood_1,biotech,1,141,1,biotech_main,#biotech/biotech_1st_floor/first_floor_fume_hood_lab_spaces/lab_141_control/hoodvalve_flow,#biotech/biotech_1st_floor/first_floor_fume_hood_lab_spaces/lab_141_control/hood_sash,#biotech/biotech_1st_floor/first_floor_fume_hood_lab_spaces/lab_141_control/occ,#biotech/biotech_1st_floor/first_floor_fume_hood_lab_spaces/lab_141_control/zone/zone_temp/trend_log,#biotech/ground_flr_mech/building_hydronic_heating_syatems/reheat_heat_exchanger/oat,,Biotech.nanFloor.Lab_141.Hood_1.energy.occ,Biotech.nanFloor.Lab_141.Hood_1.energy.unocc,Biotech.nanFloor.Lab_141.Hood_1.sashOpenTime.occ,Biotech.nanFloor.Lab_141.Hood_1.sashOpenTime.unocc
2,Biotech.Floor_4.Lab_457B.Hood_1,biotech,1,143,1,biotech_main,#biotech/biotech_1st_floor/first_floor_fume_hood_lab_spaces/lab_143_control/hoodvalve_flow,#biotech/biotech_1st_floor/first_floor_fume_hood_lab_spaces/lab_143_control/hood_sash,#biotech/biotech_1st_floor/first_floor_fume_hood_lab_spaces/lab_143_control/occ,#biotech/biotech_1st_floor/first_floor_fume_hood_lab_spaces/lab_143_control/zone/zone_temp/trend_log,#biotech/ground_flr_mech/building_hydronic_heating_syatems/reheat_heat_exchanger/oat,,Biotech.nanFloor.Lab_143.Hood_1.energy.occ,Biotech.nanFloor.Lab_143.Hood_1.energy.unocc,Biotech.nanFloor.Lab_143.Hood_1.sashOpenTime.occ,Biotech.nanFloor.Lab_143.Hood_1.sashOpenTime.unocc
3,Biotech.Floor_4.Lab_457B.Hood_1,biotech,1,147B,1,biotech_main,#biotech/biotech_1st_floor/first_floor_fume_hood_lab_spaces/lab_147b_control/hoodvalve_flow,#biotech/biotech_1st_floor/first_floor_fume_hood_lab_spaces/lab_147b_control/hood_sash,#biotech/biotech_1st_floor/first_floor_fume_hood_lab_spaces/lab_147b_control/occ,#biotech/biotech_1st_floor/first_floor_fume_hood_lab_spaces/lab_147b_control/zone/zone_temp/trend_log,#biotech/ground_flr_mech/building_hydronic_heating_syatems/reheat_heat_exchanger/oat,,Biotech.nanFloor.Lab_147B.Hood_1.energy.occ,Biotech.nanFloor.Lab_147B.Hood_1.energy.unocc,Biotech.nanFloor.Lab_147B.Hood_1.sashOpenTime.occ,Biotech.nanFloor.Lab_147B.Hood_1.sashOpenTime.unocc
4,Biotech.Floor_4.Lab_457B.Hood_1,biotech,1,153,1,biotech_main,#biotech/biotech_1st_floor/first_floor_fume_hood_lab_spaces/lab_153_control/hoodvalve_flow,#biotech/biotech_1st_floor/first_floor_fume_hood_lab_spaces/lab_153_control/hood_sash,#biotech/biotech_1st_floor/first_floor_fume_hood_lab_spaces/lab_153_control/occ,#biotech/biotech_1st_floor/first_floor_fume_hood_lab_spaces/lab_153_control/zone/zone_temp/trend_log,#biotech/ground_flr_mech/building_hydronic_heating_syatems/reheat_heat_exchanger/oat,,Biotech.nanFloor.Lab_153.Hood_1.energy.occ,Biotech.nanFloor.Lab_153.Hood_1.energy.unocc,Biotech.nanFloor.Lab_153.Hood_1.sashOpenTime.occ,Biotech.nanFloor.Lab_153.Hood_1.sashOpenTime.unocc
5,Biotech.Floor_4.Lab_457B.Hood_1,biotech,1,153B,1,biotech_main,#biotech/biotech_1st_floor/first_floor_fume_hood_lab_spaces/lab_153b_control/hoodvalve_flow,#biotech/biotech_1st_floor/first_floor_fume_hood_lab_spaces/lab_153b_control/hood_sash,#biotech/biotech_1st_floor/first_floor_fume_hood_lab_spaces/lab_153b_control/occ,#biotech/biotech_1st_floor/first_floor_fume_hood_lab_spaces/lab_153b_control/zone/zone_temp/trend_log,#biotech/ground_flr_mech/building_hydronic_heating_syatems/reheat_heat_exchanger/oat,,Biotech.nanFloor.Lab_153B.Hood_1.energy.occ,Biotech.nanFloor.Lab_153B.Hood_1.energy.unocc,Biotech.nanFloor.Lab_153B.Hood_1.sashOpenTime.occ,Biotech.nanFloor.Lab_153B.Hood_1.sashOpenTime.unocc
6,Biotech.Floor_4.Lab_457B.Hood_1,biotech,1,155,1,biotech_main,#biotech/biotech_1st_floor/first_floor_fume_hood_lab_spaces/lab_155_control/hoodvalve_flow,#biotech/biotech_1st_floor/first_floor_fume_hood_lab_spaces/lab_155_control/hood_sash,#biotech/biotech_1st_floor/first_floor_fume_hood_lab_spaces/lab_155_control/occ,#biotech/biotech_1st_floor/first_floor_fume_hood_lab_spaces/lab_155_control/zone/zone_temp/trend_log,#biotech/ground_flr_mech/building_hydronic_heating_syatems/reheat_heat_exchanger/oat,,Biotech.nanFloor.Lab_155.Hood_1.energy.occ,Biotech.nanFloor.Lab_155.Hood_1.energy.unocc,Biotech.nanFloor.Lab_155.Hood_1.sashOpenTime.occ,Biotech.nanFloor.Lab_155.Hood_1.sashOpenTime.unocc
7,Biotech.Floor_4.Lab_457B.Hood_1,biotech,1,160,1,biotech_main,#biotech/biotech_1st_floor/first_floor_fume_hood_lab_spaces/lab_160_control/hoodvalve_flow,#biotech/biotech_1st_floor/first_floor_fume_hood_lab_spaces/lab_160_control/hood_sash,#biotech/biotech_1st_floor/first_floor_fume_hood_lab_spaces/lab_160_control/occ,#biotech/biotech_1st_floor/first_floor_fume_hood_lab_spaces/lab_160_control/zone/zone_temp/trend_log,#biotech/ground_flr_mech/building_hydronic_heating_syatems/reheat_heat_exchanger/oat,,Biotech.nanFloor.Lab_160.Hood_1.energy.occ,Biotech.nanFloor.Lab_160.Hood_1.energy.unocc,Biotech.nanFloor.Lab_160.Hood_1.sashOpenTime.occ,Biotech.nanFloor.Lab_160.Hood_1.sashOpenTime.unocc
8,Biotech.Floor_4.Lab_457B.Hood_1,biotech,2,217B,1,biotech_main,#biotech/biotech_2nd_floor/second_floor_fume_hood_lab_spaces/lab_217b_control/hoodvalve_flow,#biotech/biotech_2nd_floor/second_floor_fume_hood_lab_spaces/lab_217b_control/hood_sash,#biotech/biotech_2nd_floor/second_floor_fume_hood_lab_spaces/lab_217b_control/occ,#biotech/biotech_2nd_floor/second_floor_fume_hood_lab_spaces/lab_217b_control/zone/zone_temp/trend_log,#biotech/ground_flr_mech/building_hydronic_heating_syatems/reheat_heat_exchanger/oat,,Biotech.nanFloor.Lab_217B.Hood_1.energy.occ,Biotech.nanFloor.Lab_217B.Hood_1.energy.unocc,Biotech.nanFloor.Lab_217B.Hood_1.sashOpenTime.occ,Biotech.nanFloor.Lab_217B.Hood_1.sashOpenTime.unocc
9,Biotech.Floor_4.Lab_457B.Hood_1,biotech,2,221,1,biotech_main,#biotech/biotech_2nd_floor/second_floor_fume_hood_lab_spaces/lab_221_control/hoodvalve_flow,#biotech/biotech_2nd_floor/second_floor_fume_hood_lab_spaces/lab_221_control/hood_sash,#biotech/biotech_2nd_floor/second_floor_fume_hood_lab_spaces/lab_221_control/occ,#biotech/biotech_2nd_floor/second_floor_fume_hood_lab_spaces/lab_221_control/zone/zone_temp/trend_log,#biotech/ground_flr_mech/building_hydronic_heating_syatems/reheat_heat_exchanger/oat,,Biotech.nanFloor.Lab_221.Hood_1.energy.occ,Biotech.nanFloor.Lab_221.Hood_1.energy.unocc,Biotech.nanFloor.Lab_221.Hood_1.sashOpenTime.occ,Biotech.nanFloor.Lab_221.Hood_1.sashOpenTime.unocc
10,Biotech.Floor_4.Lab_457B.Hood_1,biotech,2,221B,1,biotech_main,#biotech/biotech_2nd_floor/second_floor_fume_hood_lab_spaces/lab_221b_control/hoodvalve_flow,#biotech/biotech_2nd_floor/second_floor_fume_hood_lab_spaces/lab_221b_control/hood_sash,#biotech/biotech_2nd_floor/second_floor_fume_hood_lab_spaces/lab_221b_control/occ,#biotech/biotech_2nd_floor/second_floor_fume_hood_lab_spaces/lab_221b_control/zone/zone_temp/trend_log,#biotech/ground_flr_mech/building_hydronic_heating_syatems/reheat_heat_exchanger/oat,,Biotech.nanFloor.Lab_221B.Hood_1.energy.occ,Biotech.nanFloor.Lab_221B.Hood_1.energy.unocc,Biotech.nanFloor.Lab_221B.Hood_1.sashOpenTime.occ,Biotech.nanFloor.Lab_221B.Hood_1.sashOpenTime.unocc
11,Biotech.Floor_4.Lab_457B.Hood_1,biotech,2,227,1,biotech_main,#biotech/biotech_2nd_floor/second_floor_fume_hood_lab_spaces/lab_227_control/hoodvalve_flow,#biotech/biotech_2nd_floor/second_floor_fume_hood_lab_spaces/lab_227_control/hood_sash,#biotech/biotech_2nd_floor/second_floor_fume_hood_lab_spaces/lab_227_control/occ,#biotech/biotech_2nd_floor/second_floor_fume_hood_lab_spaces/lab_227_control/zone/zone_temp/trend_log,#biotech/ground_flr_mech/building_hydronic_heating_syatems/reheat_heat_exchanger/oat,,Biotech.nanFloor.Lab_227.Hood_1.energy.occ,Biotech.nanFloor.Lab_227.Hood_1.energy.unocc,Biotech.nanFloor.Lab_227.Hood_1.sashOpenTime.occ,Biotech.nanFloor.Lab_227.Hood_1.sashOpenTime.unocc
12,Biotech.Floor_4.Lab_457B.Hood_1,biotech,2,227B,1,biotech_main,#biotech/biotech_2nd_floor/second_floor_fume_hood_lab_spaces/lab_227b_control/hoodvalve_flow,#biotech/biotech_2nd_floor/second_floor_fume_hood_lab_spaces/lab_227b_control/hood_sash,#biotech/biotech_2nd_floor/second_floor_fume_hood_lab_spaces/lab_227b_control/occ,#biotech/biotech_2nd_floor/second_floor_fume_hood_lab_spaces/lab_227b_control/zone/zone_temp/trend_log,#biotech/ground_flr_mech/building_hydronic_heating_syatems/reheat_heat_exchanger/oat,,Biotech.nanFloor.Lab_227B.Hood_1.energy.occ,Biotech.nanFloor.Lab_227B.Hood_1.energy.unocc,Biotech.nanFloor.Lab_227B.Hood_1.sashOpenTime.occ,Biotech.nanFloor.Lab_227B.Hood_1.sashOpenTime.unocc
13,Biotech.Floor_4.Lab_457B.Hood_1,biotech,2,233,1,biotech_main,#biotech/biotech_2nd_floor/second_floor_fume_hood_lab_spaces/lab_233_control/hoodvalve_flow,#biotech/biotech_2nd_floor/second_floor_fume_hood_lab_spaces/lab_233_control/hood_sash,#biotech/biotech_2nd_floor/second_floor_fume_hood_lab_spaces/lab_233_control/occ,#biotech/biotech_2nd_floor/second_floor_fume_hood_lab_spaces/lab_233_control/zone/zone_temp/trend_log,#biotech/ground_flr_mech/building_hydronic_heating_syatems/reheat_heat_exchanger/oat,,Biotech.nanFloor.Lab_233.Hood_1.energy.occ,Biotech.nanFloor.Lab_233.Hood_1.energy.unocc,Biotech.nanFloor.Lab_233.Hood_1.sashOpenTime.occ,Biotech.nanFloor.Lab_233.Hood_1.sashOpenTime.unocc
14,Biotech.Floor_4.Lab_457B.Hood_1,biotech,2,233B,1,biotech_main,#biotech/biotech_2nd_floor/second_floor_fume_hood_lab_spaces/lab_233b_control/hoodvalve_flow,#biotech/biotech_2nd_floor/second_floor_fume_hood_lab_spaces/lab_233b_control/hood_sash,#biotech/biotech_2nd_floor/second_floor_fume_hood_lab_spaces/lab_233b_control/occ,#biotech/biotech_2nd_floor/second_floor_fume_hood_lab_spaces/lab_233b_control/zone/zone_temp/trend_log,#biotech/ground_flr_mech/building_hydronic_heating_syatems/reheat_heat_exchanger/oat,,Biotech.nanFloor.Lab_233B.Hood_1.energy.occ,Biotech.nanFloor.Lab_233B.Hood_1.energy.unocc,Biotech.nanFloor.Lab_233B.Hood_1.sashOpenTime.occ,Biotech.nanFloor.Lab_233B.Hood_1.sashOpenTime.unocc
15,Biotech.Floor_4.Lab_457B.Hood_1,biotech,2,241,1,biotech_main,#biotech/biotech_2nd_floor/second_floor_fume_hood_lab_spaces/lab_241_control/hoodvalve_flow,#biotech/biotech_2nd_floor/second_floor_fume_hood_lab_spaces/lab_241_control/hood_sash,#biotech/biotech_2nd_floor/second_floor_fume_hood_lab_spaces/lab_241_control/occ,#biotech/biotech_2nd_floor/second_floor_fume_hood_lab_spaces/lab_241_control/zone/zone_temp/trend_log,#biotech/ground_flr_mech/building_hydronic_heating_syatems/reheat_heat_exchanger/oat,,Biotech.nanFloor.Lab_241.Hood_1.energy.occ,Biotech.nanFloor.Lab_241.Hood_1.energy.unocc,Biotech.nanFloor.Lab_241.Hood_1.sashOpenTime.occ,Biotech.nanFloor.Lab_241.Hood_1.sashOpenTime.unocc
16,Biotech.Floor_4.Lab_457B.Hood_1,biotech,2,241B,1,biotech_main,#biotech/biotech_2nd_floor/second_floor_fume_hood_lab_spaces/lab_241b_control/hoodvalve_flow,#biotech/biotech_2nd_floor/second_floor_fume_hood_lab_spaces/lab_241b_control/hood_sash,#biotech/biotech_2nd_floor/second_floor_fume_hood_lab_spaces/lab_241b_control/occ,#biotech/biotech_2nd_floor/second_floor_fume_hood_lab_spaces/lab_241b_control/zone/zone_temp/trend_log,#biotech/ground_flr_mech/building_hydronic_heating_syatems/reheat_heat_exchanger/oat,,Biotech.nanFloor.Lab_241B.Hood_1.energy.occ,Biotech.nanFloor.Lab_241B.Hood_1.energy.unocc,Biotech.nanFloor.Lab_241B.Hood_1.sashOpenTime.occ,Biotech.nanFloor.Lab_241B.Hood_1.sashOpenTime.unocc
17,Biotech.Floor_4.Lab_457B.Hood_1,biotech,2,253,1,biotech_main,#biotech/biotech_2nd_floor/second_floor_fume_hood_lab_spaces/lab_253_control/hoodvalve_flow,#biotech/biotech_2nd_floor/second_floor_fume_hood_lab_spaces/lab_253_control/hood_sash,#biotech/biotech_2nd_floor/second_floor_fume_hood_lab_spaces/lab_253_control/occ,#biotech/biotech_2nd_floor/second_floor_fume_hood_lab_spaces/lab_253_control/zone/zone_temp/trend_log,#biotech/ground_flr_mech/building_hydronic_heating_syatems/reheat_heat_exchanger/oat,,Biotech.nanFloor.Lab_253.Hood_1.energy.occ,Biotech.nanFloor.Lab_253.Hood_1.energy.unocc,Biotech.nanFloor.Lab_253.Hood_1.sashOpenTime.occ,Biotech.nanFloor.Lab_253.Hood_1.sashOpenTime.unocc
18,Biotech.Floor_4.Lab_457B.Hood_1,biotech,2,253B,1,biotech_main,#biotech/biotech_2nd_floor/second_floor_fume_hood_lab_spaces/lab_253b_control/hoodvalve_flow,#biotech/biotech_2nd_floor/second_floor_fume_hood_lab_spaces/lab_253b_control/hood_sash,#biotech/biotech_2nd_floor/second_floor_fume_hood_lab_spaces/lab_253b_control/occ,#biotech/biotech_2nd_floor/second_floor_fume_hood_lab_spaces/lab_253b_control/zone/zone_temp/trend_log,#biotech/ground_flr_mech/building_hydronic_heating_syatems/reheat_heat_exchanger/oat,,Biotech.nanFloor.Lab_253B.Hood_1.energy.occ,Biotech.nanFloor.Lab_253B.Hood_1.energy.unocc,Biotech.nanFloor.Lab_253B.Hood_1.sashOpenTime.occ,Biotech.nanFloor.Lab_253B.Hood_1.sashOpenTime.unocc
19,Biotech.Floor_4.Lab_457B.Hood_1,biotech,2,257,1,biotech_main,#biotech/biotech_2nd_floor/second_floor_fume_hood_lab_spaces/lab_257_control/hoodvalve_flow,#biotech/biotech_2nd_floor/second_floor_fume_hood_lab_spaces/lab_257_control/hood_sash,#biotech/biotech_2nd_floor/second_floor_fume_hood_lab_spaces/lab_257_control/occ,#biotech/biotech_2nd_floor/second_floor_fume_hood_lab_spaces/lab_257_control/zone/zone_temp/trend_log,#biotech/ground_flr_mech/building_hydronic_heating_syatems/reheat_heat_exchanger/oat,,Biotech.nanFloor.Lab_257.Hood_1.energy.occ,Biotech.nanFloor.Lab_257.Hood_1.energy.unocc,Biotech.nanFloor.Lab_257.Hood_1.sashOpenTime.occ,Biotech.nanFloor.Lab_257.Hood_1.sashOpenTime.unocc
20,Biotech.Floor_4.Lab_457B.Hood_1,biotech,2,257B,1,biotech_main,#biotech/biotech_2nd_floor/second_floor_fume_hood_lab_spaces/lab_257b_control/hoodvalve_flow,#biotech/biotech_2nd_floor/second_floor_fume_hood_lab_spaces/lab_257b_control/hood_sash,#biotech/biotech_2nd_floor/second_floor_fume_hood_lab_spaces/lab_257b_control/occ,#biotech/biotech_2nd_floor/second_floor_fume_hood_lab_spaces/lab_257b_control/zone/zone_temp/trend_log,#biotech/ground_flr_mech/building_hydronic_heating_syatems/reheat_heat_exchanger/oat,,Biotech.nanFloor.Lab_257B.Hood_1.energy.occ,Biotech.nanFloor.Lab_257B.Hood_1.energy.unocc,Biotech.nanFloor.Lab_257B.Hood_1.sashOpenTime.occ,Biotech.nanFloor.Lab_257B.Hood_1.sashOpenTime.unocc
21,Biotech.Floor_4.Lab_457B.Hood_1,biotech,2,260,1,biotech_main,#biotech/biotech_2nd_floor/second_floor_fume_hood_lab_spaces/lab_260_control/hoodvalve_flow,#biotech/biotech_2nd_floor/second_floor_fume_hood_lab_spaces/lab_260_control/hood_sash,#biotech/biotech_2nd_floor/second_floor_fume_hood_lab_spaces/lab_260_control/occ,#biotech/biotech_2nd_floor/second_floor_fume_hood_lab_spaces/lab_260_control/zone/zone_temp/trend_log,#biotech/ground_flr_mech/building_hydronic_heating_syatems/reheat_heat_exchanger/oat,,Biotech.nanFloor.Lab_260.Hood_1.energy.occ,Biotech.nanFloor.Lab_260.Hood_1.energy.unocc,Biotech.nanFloor.Lab_260.Hood_1.sashOpenTime.occ,Biotech.nanFloor.Lab_260.Hood_1.sashOpenTime.unocc
22,Biotech.Floor_4.Lab_457B.Hood_1,biotech,2,260B,1,biotech_main,#biotech/biotech_2nd_floor/second_floor_fume_hood_lab_spaces/lab_260b_control/hoodvalve_flow,#biotech/biotech_2nd_floor/second_floor_fume_hood_lab_spaces/lab_260b_control/hood_sash,#biotech/biotech_2nd_floor/second_floor_fume_hood_lab_spaces/lab_260b_control/occ,#biotech/biotech_2nd_floor/second_floor_fume_hood_lab_spaces/lab_260b_control/zone/zone_temp/trend_log,#biotech/ground_flr_mech/building_hydronic_heating_syatems/reheat_heat_exchanger/oat,,Biotech.nanFloor.Lab_260B.Hood_1.energy.occ,Biotech.nanFloor.Lab_260B.Hood_1.energy.unocc,Biotech.nanFloor.Lab_260B.Hood_1.sashOpenTime.occ,Biotech.nanFloor.Lab_260B.Hood_1.sashOpenTime.unocc
23,Biotech.Floor_4.Lab_457B.Hood_1,biotech,2,267,1,biotech_main,#biotech/biotech_2nd_floor/second_floor_fume_hood_lab_spaces/lab_267_control/hoodvalve_flow,#biotech/biotech_2nd_floor/second_floor_fume_hood_lab_spaces/lab_267_control/hood_sash,#biotech/biotech_2nd_floor/second_floor_fume_hood_lab_spaces/lab_267_control/occ,#biotech/biotech_2nd_floor/second_floor_fume_hood_lab_spaces/lab_267_control/zone/zone_temp/trend_log,#biotech/ground_flr_mech/building_hydronic_heating_syatems/reheat_heat_exchanger/oat,,Biotech.nanFloor.Lab_267.Hood_1.energy.occ,Biotech.nanFloor.Lab_267.Hood_1.energy.unocc,Biotech.nanFloor.Lab_267.Hood_1.sashOpenTime.occ,Biotech.nanFloor.Lab_267.Hood_1.sashOpenTime.unocc
24,Biotech.Floor_4.Lab_457B.Hood_1,biotech,2,267B,1,biotech_main,#biotech/biotech_2nd_floor/second_floor_fume_hood_lab_spaces/lab_267b_control/hoodvalve_flow,#biotech/biotech_2nd_floor/second_floor_fume_hood_lab_spaces/lab_267b_control/hood_sash,#biotech/biotech_2nd_floor/second_floor_fume_hood_lab_spaces/lab_267b_control/occ,#biotech/biotech_2nd_floor/second_floor_fume_hood_lab_spaces/lab_267b_control/zone/zone_temp/trend_log,#biotech/ground_flr_mech/building_hydronic_heating_syatems/reheat_heat_exchanger/oat,,Biotech.nanFloor.Lab_267B.Hood_1.energy.occ,Biotech.nanFloor.Lab_267B.Hood_1.energy.unocc,Biotech.nanFloor.Lab_267B.Hood_1.sashOpenTime.occ,Biotech.nanFloor.Lab_267B.Hood_1.sashOpenTime.unocc
25,Biotech.Floor_4.Lab_457B.Hood_1,biotech,3,303,1,biotech_main,#biotech/biotech_3rd_floor/third_floor_fume_hood_lab_spaces/lab_303_control/hoodvalve_flow,#biotech/biotech_3rd_floor/third_floor_fume_hood_lab_spaces/lab_303_control/hood_sash,#biotech/biotech_3rd_floor/third_floor_fume_hood_lab_spaces/lab_303_control/occ,#biotech/biotech_3rd_floor/third_floor_fume_hood_lab_spaces/lab_303_control/zone/zone_temp/trend_log,#biotech/ground_flr_mech/building_hydronic_heating_syatems/reheat_heat_exchanger/oat,,Biotech.nanFloor.Lab_303.Hood_1.energy.occ,Biotech.nanFloor.Lab_303.Hood_1.energy.unocc,Biotech.nanFloor.Lab_303.Hood_1.sashOpenTime.occ,Biotech.nanFloor.Lab_303.Hood_1.sashOpenTime.unocc
26,Biotech.Floor_4.Lab_457B.Hood_1,biotech,3,303B,1,biotech_main,#biotech/biotech_3rd_floor/third_floor_fume_hood_lab_spaces/lab_303b_control/hoodvalve_flow,#biotech/biotech_3rd_floor/third_floor_fume_hood_lab_spaces/lab_303b_control/hood_sash,#biotech/biotech_3rd_floor/third_floor_fume_hood_lab_spaces/lab_303b_control/occ,#biotech/biotech_3rd_floor/third_floor_fume_hood_lab_spaces/lab_303b_control/zone/zone_temp/trend_log,#biotech/ground_flr_mech/building_hydronic_heating_syatems/reheat_heat_exchanger/oat,,Biotech.nanFloor.Lab_303B.Hood_1.energy.occ,Biotech.nanFloor.Lab_303B.Hood_1.energy.unocc,Biotech.nanFloor.Lab_303B.Hood_1.sashOpenTime.occ,Biotech.nanFloor.Lab_303B.Hood_1.sashOpenTime.unocc
27,Biotech.Floor_4.Lab_457B.Hood_1,biotech,3,309,1,biotech_main,#biotech/biotech_3rd_floor/third_floor_fume_hood_lab_spaces/lab_309_control/hoodvalve_flow,#biotech/biotech_3rd_floor/third_floor_fume_hood_lab_spaces/lab_309_control/hood_sash,#biotech/biotech_3rd_floor/third_floor_fume_hood_lab_spaces/lab_309_control/occ,#biotech/biotech_3rd_floor/third_floor_fume_hood_lab_spaces/lab_309_control/zone/zone_temp/trend_log,#biotech/ground_flr_mech/building_hydronic_heating_syatems/reheat_heat_exchanger/oat,,Biotech.nanFloor.Lab_309.Hood_1.energy.occ,Biotech.nanFloor.Lab_309.Hood_1.energy.unocc,Biotech.nanFloor.Lab_309.Hood_1.sashOpenTime.occ,Biotech.nanFloor.Lab_309.Hood_1.sashOpenTime.unocc
28,Biotech.Floor_4.Lab_457B.Hood_1,biotech,3,309B,1,biotech_main,#biotech/biotech_3rd_floor/third_floor_fume_hood_lab_spaces/lab_309b_control/hoodvalve_flow,#biotech/biotech_3rd_floor/third_floor_fume_hood_lab_spaces/lab_309b_control/hood_sash,#biotech/biotech_3rd_floor/third_floor_fume_hood_lab_spaces/lab_309b_control/occ,#biotech/biotech_3rd_floor/third_floor_fume_hood_lab_spaces/lab_309b_control/zone/zone_temp/trend_log,#biotech/ground_flr_mech/building_hydronic_heating_syatems/reheat_heat_exchanger/oat,,Biotech.nanFloor.Lab_309B.Hood_1.energy.occ,Biotech.nanFloor.Lab_309B.Hood_1.energy.unocc,Biotech.nanFloor.Lab_309B.Hood_1.sashOpenTime.occ,Biotech.nanFloor.Lab_309B.Hood_1.sashOpenTime.unocc
29,Biotech.Floor_4.Lab_457B.Hood_1,biotech,3,317,1,biotech_main,#biotech/biotech_3rd_floor/third_floor_fume_hood_lab_spaces/lab_317_control/hoodvalve_flow,#biotech/biotech_3rd_floor/third_floor_fume_hood_lab_spaces/lab_317_control/hood_sash,#biotech/biotech_3rd_floor/third_floor_fume_hood_lab_spaces/lab_317_control/occ,#biotech/biotech_3rd_floor/third_floor_fume_hood_lab_spaces/lab_317_control/zone/zone_temp/trend_log,#biotech/ground_flr_mech/building_hydronic_heating_syatems/reheat_heat_exchanger/oat,,Biotech.nanFloor.Lab_317.Hood_1.energy.occ,Biotech.nanFloor.Lab_317.Hood_1.energy.unocc,Biotech.nanFloor.Lab_317.Hood_1.sashOpenTime.occ,Biotech.nanFloor.Lab_317.Hood_1.sashOpenTime.unocc
30,Biotech.Floor_4.Lab_457B.Hood_1,biotech,3,317B,1,biotech_main,#biotech/biotech_3rd_floor/third_floor_fume_hood_lab_spaces/lab_317b_control/hoodvalve_flow,#biotech/biotech_3rd_floor/third_floor_fume_hood_lab_spaces/lab_317b_control/hood_sash,#biotech/biotech_3rd_floor/third_floor_fume_hood_lab_spaces/lab_317b_control/occ,#biotech/biotech_3rd_floor/third_floor_fume_hood_lab_spaces/lab_317b_control/zone/zone_temp/trend_log,#biotech/ground_flr_mech/building_hydronic_heating_syatems/reheat_heat_exchanger/oat,,Biotech.nanFloor.Lab_317B.Hood_1.energy.occ,Biotech.nanFloor.Lab_317B.Hood_1.energy.unocc,Biotech.nanFloor.Lab_317B.Hood_1.sashOpenTime.occ,Biotech.nanFloor.Lab_317B.Hood_1.sashOpenTime.unocc
31,Biotech.Floor_4.Lab_457B.Hood_1,biotech,3,318,1,biotech_main,#biotech/biotech_3rd_floor/third_floor_fume_hood_lab_spaces/lab_318_control/hoodvalve_flow,#biotech/biotech_3rd_floor/third_floor_fume_hood_lab_spaces/lab_318_control/hood_sash,#biotech/biotech_3rd_floor/third_floor_fume_hood_lab_spaces/lab_318_control/occ,#biotech/biotech_3rd_floor/third_floor_fume_hood_lab_spaces/lab_318_control/zone/zone_temp/trend_log,#biotech/ground_flr_mech/building_hydronic_heating_syatems/reheat_heat_exchanger/oat,,Biotech.nanFloor.Lab_318.Hood_1.energy.occ,Biotech.nanFloor.Lab_318.Hood_1.energy.unocc,Biotech.nanFloor.Lab_318.Hood_1.sashOpenTime.occ,Biotech.nanFloor.Lab_318.Hood_1.sashOpenTime.unocc
32,Biotech.Floor_4.Lab_457B.Hood_1,biotech,3,321,1,biotech_main,#biotech/biotech_3rd_floor/third_floor_fume_hood_lab_spaces/lab_321_control/hoodvalve_flow,#biotech/biotech_3rd_floor/third_floor_fume_hood_lab_spaces/lab_321_control/hood_sash,#biotech/biotech_3rd_floor/third_floor_fume_hood_lab_spaces/lab_321_control/occ,#biotech/biotech_3rd_floor/third_floor_fume_hood_lab_spaces/lab_321_control/zone/zone_temp/trend_log,#biotech/ground_flr_mech/building_hydronic_heating_syatems/reheat_heat_exchanger/oat,,Biotech.nanFloor.Lab_321.Hood_1.energy.occ,Biotech.nanFloor.Lab_321.Hood_1.energy.unocc,Biotech.nanFloor.Lab_321.Hood_1.sashOpenTime.occ,Biotech.nanFloor.Lab_321.Hood_1.sashOpenTime.unocc
33,Biotech.Floor_4.Lab_457B.Hood_1,biotech,3,321B,1,biotech_main,#biotech/biotech_3rd_floor/third_floor_fume_hood_lab_spaces/lab_321b_control/hoodvalve_flow,#biotech/biotech_3rd_floor/third_floor_fume_hood_lab_spaces/lab_321b_control/hood_sash,#biotech/biotech_3rd_floor/third_floor_fume_hood_lab_spaces/lab_321b_control/occ,#biotech/biotech_3rd_floor/third_floor_fume_hood_lab_spaces/lab_321b_control/zone/zone_temp/trend_log,#biotech/ground_flr_mech/building_hydronic_heating_syatems/reheat_heat_exchanger/oat,,Biotech.nanFloor.Lab_321B.Hood_1.energy.occ,Biotech.nanFloor.Lab_321B.Hood_1.energy.unocc,Biotech.nanFloor.Lab_321B.Hood_1.sashOpenTime.occ,Biotech.nanFloor.Lab_321B.Hood_1.sashOpenTime.unocc
34,Biotech.Floor_4.Lab_457B.Hood_1,biotech,3,327,1,biotech_main,#biotech/biotech_3rd_floor/third_floor_fume_hood_lab_spaces/lab_327_control/hoodvalve_flow,#biotech/biotech_3rd_floor/third_floor_fume_hood_lab_spaces/lab_327_control/hood_sash,#biotech/biotech_3rd_floor/third_floor_fume_hood_lab_spaces/lab_327_control/occ,#biotech/biotech_3rd_floor/third_floor_fume_hood_lab_spaces/lab_327_control/zone/zone_temp/trend_log,#biotech/ground_flr_mech/building_hydronic_heating_syatems/reheat_heat_exchanger/oat,,Biotech.nanFloor.Lab_327.Hood_1.energy.occ,Biotech.nanFloor.Lab_327.Hood_1.energy.unocc,Biotech.nanFloor.Lab_327.Hood_1.sashOpenTime.occ,Biotech.nanFloor.Lab_327.Hood_1.sashOpenTime.unocc
35,Biotech.Floor_4.Lab_457B.Hood_1,biotech,3,327B,1,biotech_main,#biotech/biotech_3rd_floor/third_floor_fume_hood_lab_spaces/lab_327b_control/hoodvalve_flow,#biotech/biotech_3rd_floor/third_floor_fume_hood_lab_spaces/lab_327b_control/hood_sash,#biotech/biotech_3rd_floor/third_floor_fume_hood_lab_spaces/lab_327b_control/occ,#biotech/biotech_3rd_floor/third_floor_fume_hood_lab_spaces/lab_327b_control/zone/zone_temp/trend_log,#biotech/ground_flr_mech/building_hydronic_heating_syatems/reheat_heat_exchanger/oat,,Biotech.nanFloor.Lab_327B.Hood_1.energy.occ,Biotech.nanFloor.Lab_327B.Hood_1.energy.unocc,Biotech.nanFloor.Lab_327B.Hood_1.sashOpenTime.occ,Biotech.nanFloor.Lab_327B.Hood_1.sashOpenTime.unocc
36,Biotech.Floor_4.Lab_457B.Hood_1,biotech,3,333,1,biotech_main,#biotech/biotech_3rd_floor/third_floor_fume_hood_lab_spaces/lab_333_control/hoodvalve_flow,#biotech/biotech_3rd_floor/third_floor_fume_hood_lab_spaces/lab_333_control/hood_sash,#biotech/biotech_3rd_floor/third_floor_fume_hood_lab_spaces/lab_333_control/occ,#biotech/biotech_3rd_floor/third_floor_fume_hood_lab_spaces/lab_333_control/zone/zone_temp/trend_log,#biotech/ground_flr_mech/building_hydronic_heating_syatems/reheat_heat_exchanger/oat,,Biotech.nanFloor.Lab_333.Hood_1.energy.occ,Biotech.nanFloor.Lab_333.Hood_1.energy.unocc,Biotech.nanFloor.Lab_333.Hood_1.sashOpenTime.occ,Biotech.nanFloor.Lab_333.Hood_1.sashOpenTime.unocc
37,Biotech.Floor_4.Lab_457B.Hood_1,biotech,3,333B,1,biotech_main,#biotech/biotech_3rd_floor/third_floor_fume_hood_lab_spaces/lab_333b_control/hoodvalve_flow,#biotech/biotech_3rd_floor/third_floor_fume_hood_lab_spaces/lab_333b_control/hood_sash,#biotech/biotech_3rd_floor/third_floor_fume_hood_lab_spaces/lab_333b_control/occ,#biotech/biotech_3rd_floor/third_floor_fume_hood_lab_spaces/lab_333b_control/zone/zone_temp/trend_log,#biotech/ground_flr_mech/building_hydronic_heating_syatems/reheat_heat_exchanger/oat,,Biotech.nanFloor.Lab_333B.Hood_1.energy.occ,Biotech.nanFloor.Lab_333B.Hood_1.energy.unocc,Biotech.nanFloor.Lab_333B.Hood_1.sashOpenTime.occ,Biotech.nanFloor.Lab_333B.Hood_1.sashOpenTime.unocc
38,Biotech.Floor_4.Lab_457B.Hood_1,biotech,3,341,1,biotech_main,#biotech/biotech_3rd_floor/third_floor_fume_hood_lab_spaces/lab_341_control/hoodvalve_flow,#biotech/biotech_3rd_floor/third_floor_fume_hood_lab_spaces/lab_341_control/hood_sash,#biotech/biotech_3rd_floor/third_floor_fume_hood_lab_spaces/lab_341_control/occ,#biotech/biotech_3rd_floor/third_floor_fume_hood_lab_spaces/lab_341_control/zone/zone_temp/trend_log,#biotech/ground_flr_mech/building_hydronic_heating_syatems/reheat_heat_exchanger/oat,,Biotech.nanFloor.Lab_341.Hood_1.energy.occ,Biotech.nanFloor.Lab_341.Hood_1.energy.unocc,Biotech.nanFloor.Lab_341.Hood_1.sashOpenTime.occ,Biotech.nanFloor.Lab_341.Hood_1.sashOpenTime.unocc
39,Biotech.Floor_4.Lab_457B.Hood_1,biotech,3,341B,1,biotech_main,#biotech/biotech_3rd_floor/third_floor_fume_hood_lab_spaces/lab_341b_control/hoodvalve_flow,#biotech/biotech_3rd_floor/third_floor_fume_hood_lab_spaces/lab_341b_control/hood_sash,#biotech/biotech_3rd_floor/third_floor_fume_hood_lab_spaces/lab_341b_control/occ,#biotech/biotech_3rd_floor/third_floor_fume_hood_lab_spaces/lab_341b_control/zone/zone_temp/trend_log,#biotech/ground_flr_mech/building_hydronic_heating_syatems/reheat_heat_exchanger/oat,,Biotech.nanFloor.Lab_341B.Hood_1.energy.occ,Biotech.nanFloor.Lab_341B.Hood_1.energy.unocc,Biotech.nanFloor.Lab_341B.Hood_1.sashOpenTime.occ,Biotech.nanFloor.Lab_341B.Hood_1.sashOpenTime.unocc
40,Biotech.Floor_4.Lab_457B.Hood_1,biotech,3,345,1,biotech_main,#biotech/biotech_3rd_floor/third_floor_fume_hood_lab_spaces/lab_345_control/hoodvalve_flow,#biotech/biotech_3rd_floor/third_floor_fume_hood_lab_spaces/lab_345_control/hood_sash,#biotech/biotech_3rd_floor/third_floor_fume_hood_lab_spaces/lab_345_control/occ,#biotech/biotech_3rd_floor/third_floor_fume_hood_lab_spaces/lab_345_control/zone/zone_temp/trend_log,#biotech/ground_flr_mech/building_hydronic_heating_syatems/reheat_heat_exchanger/oat,,Biotech.nanFloor.Lab_345.Hood_1.energy.occ,Biotech.nanFloor.Lab_345.Hood_1.energy.unocc,Biotech.nanFloor.Lab_345.Hood_1.sashOpenTime.occ,Biotech.nanFloor.Lab_345.Hood_1.sashOpenTime.unocc
41,Biotech.Floor_4.Lab_457B.Hood_1,biotech,3,345B,1,biotech_main,#biotech/biotech_3rd_floor/third_floor_fume_hood_lab_spaces/lab_345b_control/hoodvalve_flow,#biotech/biotech_3rd_floor/third_floor_fume_hood_lab_spaces/lab_345b_control/hood_sash,#biotech/biotech_3rd_floor/third_floor_fume_hood_lab_spaces/lab_345b_control/occ,#biotech/biotech_3rd_floor/third_floor_fume_hood_lab_spaces/lab_345b_control/zone/zone_temp/trend_log,#biotech/ground_flr_mech/building_hydronic_heating_syatems/reheat_heat_exchanger/oat,,Biotech.nanFloor.Lab_345B.Hood_1.energy.occ,Biotech.nanFloor.Lab_345B.Hood_1.energy.unocc,Biotech.nanFloor.Lab_345B.Hood_1.sashOpenTime.occ,Biotech.nanFloor.Lab_345B.Hood_1.sashOpenTime.unocc
42,Biotech.Floor_4.Lab_457B.Hood_1,biotech,3,360,1,biotech_main,#biotech/biotech_3rd_floor/third_floor_fume_hood_lab_spaces/lab_360_control/hoodvalve_flow,#biotech/biotech_3rd_floor/third_floor_fume_hood_lab_spaces/lab_360_control/hood_sash,#biotech/biotech_3rd_floor/third_floor_fume_hood_lab_spaces/lab_360_control/occ,#biotech/biotech_3rd_floor/third_floor_fume_hood_lab_spaces/lab_360_control/zone/zone_temp/trend_log,#biotech/ground_flr_mech/building_hydronic_heating_syatems/reheat_heat_exchanger/oat,,Biotech.nanFloor.Lab_360.Hood_1.energy.occ,Biotech.nanFloor.Lab_360.Hood_1.energy.unocc,Biotech.nanFloor.Lab_360.Hood_1.sashOpenTime.occ,Biotech.nanFloor.Lab_360.Hood_1.sashOpenTime.unocc
43,Biotech.Floor_4.Lab_457B.Hood_1,biotech,3,360B,1,biotech_main,#biotech/biotech_3rd_floor/third_floor_fume_hood_lab_spaces/lab_360b_control/hoodvalve_flow,#biotech/biotech_3rd_floor/third_floor_fume_hood_lab_spaces/lab_360b_control/hood_sash,#biotech/biotech_3rd_floor/third_floor_fume_hood_lab_spaces/lab_360b_control/occ,#biotech/biotech_3rd_floor/third_floor_fume_hood_lab_spaces/lab_360b_control/zone/zone_temp/trend_log,#biotech/ground_flr_mech/building_hydronic_heating_syatems/reheat_heat_exchanger/oat,,Biotech.nanFloor.Lab_360B.Hood_1.energy.occ,Biotech.nanFloor.Lab_360B.Hood_1.energy.unocc,Biotech.nanFloor.Lab_360B.Hood_1.sashOpenTime.occ,Biotech.nanFloor.Lab_360B.Hood_1.sashOpenTime.unocc
44,Biotech.Floor_4.Lab_457B.Hood_1,biotech,3,367,1,biotech_main,#biotech/biotech_3rd_floor/third_floor_fume_hood_lab_spaces/lab_367_control/hoodvalve_flow,#biotech/biotech_3rd_floor/third_floor_fume_hood_lab_spaces/lab_367_control/hood_sash,#biotech/biotech_3rd_floor/third_floor_fume_hood_lab_spaces/lab_367_control/occ,#biotech/biotech_3rd_floor/third_floor_fume_hood_lab_spaces/lab_367_control/zone/zone_temp/trend_log,#biotech/ground_flr_mech/building_hydronic_heating_syatems/reheat_heat_exchanger/oat,,Biotech.nanFloor.Lab_367.Hood_1.energy.occ,Biotech.nanFloor.Lab_367.Hood_1.energy.unocc,Biotech.nanFloor.Lab_367.Hood_1.sashOpenTime.occ,Biotech.nanFloor.Lab_367.Hood_1.sashOpenTime.unocc
45,Biotech.Floor_4.Lab_457B.Hood_1,biotech,3,367B,1,biotech_main,#biotech/biotech_3rd_floor/third_floor_fume_hood_lab_spaces/lab_367b_control/hoodvalve_flow,#biotech/biotech_3rd_floor/third_floor_fume_hood_lab_spaces/lab_367b_control/hood_sash,#biotech/biotech_3rd_floor/third_floor_fume_hood_lab_spaces/lab_367b_control/occ,#biotech/biotech_3rd_floor/third_floor_fume_hood_lab_spaces/lab_367b_control/zone/zone_temp/trend_log,#biotech/ground_flr_mech/building_hydronic_heating_syatems/reheat_heat_exchanger/oat,,Biotech.nanFloor.Lab_367B.Hood_1.energy.occ,Biotech.nanFloor.Lab_367B.Hood_1.energy.unocc,Biotech.nanFloor.Lab_367B.Hood_1.sashOpenTime.occ,Biotech.nanFloor.Lab_367B.Hood_1.sashOpenTime.unocc
46,Biotech.Floor_4.Lab_457B.Hood_1,biotech,4,403,1,biotech_main,#biotech/biotech_4th_floor/fourth_floor_fume_hood_lab_spaces/lab_403_control/hoodvalve_flow,#biotech/biotech_4th_floor/fourth_floor_fume_hood_lab_spaces/lab_403_control/hood_sash,#biotech/biotech_4th_floor/fourth_floor_fume_hood_lab_spaces/lab_403_control/occ,#biotech/biotech_4th_floor/fourth_floor_fume_hood_lab_spaces/lab_403_control/zone/zone_temp/trend_log,#biotech/ground_flr_mech/building_hydronic_heating_syatems/reheat_heat_exchanger/oat,,Biotech.nanFloor.Lab_403.Hood_1.energy.occ,Biotech.nanFloor.Lab_403.Hood_1.energy.unocc,Biotech.nanFloor.Lab_403.Hood_1.sashOpenTime.occ,Biotech.nanFloor.Lab_403.Hood_1.sashOpenTime.unocc
47,Biotech.Floor_4.Lab_457B.Hood_1,biotech,4,403B,1,biotech_main,#biotech/biotech_4th_floor/fourth_floor_fume_hood_lab_spaces/lab_403b_control/hoodvalve_flow,#biotech/biotech_4th_floor/fourth_floor_fume_hood_lab_spaces/lab_403b_control/hood_sash,#biotech/biotech_4th_floor/fourth_floor_fume_hood_lab_spaces/lab_403b_control/occ,#biotech/biotech_4th_floor/fourth_floor_fume_hood_lab_spaces/lab_403b_control/zone/zone_temp/trend_log,#biotech/ground_flr_mech/building_hydronic_heating_syatems/reheat_heat_exchanger/oat,,Biotech.nanFloor.Lab_403B.Hood_1.energy.occ,Biotech.nanFloor.Lab_403B.Hood_1.energy.unocc,Biotech.nanFloor.Lab_403B.Hood_1.sashOpenTime.occ,Biotech.nanFloor.Lab_403B.Hood_1.sashOpenTime.unocc
48,Biotech.Floor_4.Lab_457B.Hood_1,biotech,4,409,1,biotech_main,#biotech/biotech_4th_floor/fourth_floor_fume_hood_lab_spaces/lab_409_control/hoodvalve_flow,#biotech/biotech_4th_floor/fourth_floor_fume_hood_lab_spaces/lab_409_control/hood_sash,#biotech/biotech_4th_floor/fourth_floor_fume_hood_lab_spaces/lab_409_control/occ,#biotech/biotech_4th_floor/fourth_floor_fume_hood_lab_spaces/lab_409_control/zone/zone_temp/trend_log,#biotech/ground_flr_mech/building_hydronic_heating_syatems/reheat_heat_exchanger/oat,,Biotech.nanFloor.Lab_409.Hood_1.energy.occ,Biotech.nanFloor.Lab_409.Hood_1.energy.unocc,Biotech.nanFloor.Lab_409.Hood_1.sashOpenTime.occ,Biotech.nanFloor.Lab_409.Hood_1.sashOpenTime.unocc
49,Biotech.Floor_4.Lab_457B.Hood_1,biotech,4,409B,1,biotech_main,#biotech/biotech_4th_floor/fourth_floor_fume_hood_lab_spaces/lab_409b_control/hoodvalve_flow,#biotech/biotech_4th_floor/fourth_floor_fume_hood_lab_spaces/lab_409b_control/hood_sash,#biotech/biotech_4th_floor/fourth_floor_fume_hood_lab_spaces/lab_409b_control/occ,#biotech/biotech_4th_floor/fourth_floor_fume_hood_lab_spaces/lab_409b_control/zone/zone_temp/trend_log,#biotech/ground_flr_mech/building_hydronic_heating_syatems/reheat_heat_exchanger/oat,,Biotech.nanFloor.Lab_409B.Hood_1.energy.occ,Biotech.nanFloor.Lab_409B.Hood_1.energy.unocc,Biotech.nanFloor.Lab_409B.Hood_1.sashOpenTime.occ,Biotech.nanFloor.Lab_409B.Hood_1.sashOpenTime.unocc
50,Biotech.Floor_4.Lab_457B.Hood_1,biotech,4,417,1,biotech_main,#biotech/biotech_4th_floor/fourth_floor_fume_hood_lab_spaces/lab_417_control/hoodvalve_flow,#biotech/biotech_4th_floor/fourth_floor_fume_hood_lab_spaces/lab_417_control/hood_sash,#biotech/biotech_4th_floor/fourth_floor_fume_hood_lab_spaces/lab_417_control/occ,#biotech/biotech_4th_floor/fourth_floor_fume_hood_lab_spaces/lab_417_control/zone/zone_temp/trend_log,#biotech/ground_flr_mech/building_hydronic_heating_syatems/reheat_heat_exchanger/oat,,Biotech.nanFloor.Lab_417.Hood_1.energy.occ,Biotech.nanFloor.Lab_417.Hood_1.energy.unocc,Biotech.nanFloor.Lab_417.Hood_1.sashOpenTime.occ,Biotech.nanFloor.Lab_417.Hood_1.sashOpenTime.unocc
51,Biotech.Floor_4.Lab_457B.Hood_1,biotech,4,417B,1,biotech_main,#biotech/biotech_4th_floor/fourth_floor_fume_hood_lab_spaces/lab_417b_control/hoodvalve_flow,#biotech/biotech_4th_floor/fourth_floor_fume_hood_lab_spaces/lab_417b_control/hood_sash,#biotech/biotech_4th_floor/fourth_floor_fume_hood_lab_spaces/lab_417b_control/occ,#biotech/biotech_4th_floor/fourth_floor_fume_hood_lab_spaces/lab_417b_control/zone/zone_temp/trend_log,#biotech/ground_flr_mech/building_hydronic_heating_syatems/reheat_heat_exchanger/oat,,Biotech.nanFloor.Lab_417B.Hood_1.energy.occ,Biotech.nanFloor.Lab_417B.Hood_1.energy.unocc,Biotech.nanFloor.Lab_417B.Hood_1.sashOpenTime.occ,Biotech.nanFloor.Lab_417B.Hood_1.sashOpenTime.unocc
52,Biotech.Floor_4.Lab_457B.Hood_1,biotech,4,418,1,biotech_main,#biotech/biotech_4th_floor/fourth_floor_fume_hood_lab_spaces/lab_418_control/hoodvalve_flow,#biotech/biotech_4th_floor/fourth_floor_fume_hood_lab_spaces/lab_418_control/hood_sash,#biotech/biotech_4th_floor/fourth_floor_fume_hood_lab_spaces/lab_418_control/occ,#biotech/biotech_4th_floor/fourth_floor_fume_hood_lab_spaces/lab_418_control/zone/zone_temp/trend_log,#biotech/ground_flr_mech/building_hydronic_heating_syatems/reheat_heat_exchanger/oat,,Biotech.nanFloor.Lab_418.Hood_1.energy.occ,Biotech.nanFloor.Lab_418.Hood_1.energy.unocc,Biotech.nanFloor.Lab_418.Hood_1.sashOpenTime.occ,Biotech.nanFloor.Lab_418.Hood_1.sashOpenTime.unocc
53,Biotech.Floor_4.Lab_457B.Hood_1,biotech,4,421,1,biotech_main,#biotech/biotech_4th_floor/fourth_floor_fume_hood_lab_spaces/lab_421_control/hoodvalve_flow,#biotech/biotech_4th_floor/fourth_floor_fume_hood_lab_spaces/lab_421_control/hood_sash,#biotech/biotech_4th_floor/fourth_floor_fume_hood_lab_spaces/lab_421_control/occ,#biotech/biotech_4th_floor/fourth_floor_fume_hood_lab_spaces/lab_421_control/zone/zone_temp/trend_log,#biotech/ground_flr_mech/building_hydronic_heating_syatems/reheat_heat_exchanger/oat,,Biotech.nanFloor.Lab_421.Hood_1.energy.occ,Biotech.nanFloor.Lab_421.Hood_1.energy.unocc,Biotech.nanFloor.Lab_421.Hood_1.sashOpenTime.occ,Biotech.nanFloor.Lab_421.Hood_1.sashOpenTime.unocc
54,Biotech.Floor_4.Lab_457B.Hood_1,biotech,4,421B,1,biotech_main,#biotech/biotech_4th_floor/fourth_floor_fume_hood_lab_spaces/lab_421b_control/hoodvalve_flow,#biotech/biotech_4th_floor/fourth_floor_fume_hood_lab_spaces/lab_421b_control/hood_sash,#biotech/biotech_4th_floor/fourth_floor_fume_hood_lab_spaces/lab_421b_control/occ,#biotech/biotech_4th_floor/fourth_floor_fume_hood_lab_spaces/lab_421b_control/zone/zone_temp/trend_log,#biotech/ground_flr_mech/building_hydronic_heating_syatems/reheat_heat_exchanger/oat,,Biotech.nanFloor.Lab_421B.Hood_1.energy.occ,Biotech.nanFloor.Lab_421B.Hood_1.energy.unocc,Biotech.nanFloor.Lab_421B.Hood_1.sashOpenTime.occ,Biotech.nanFloor.Lab_421B.Hood_1.sashOpenTime.unocc
55,Biotech.Floor_4.Lab_457B.Hood_1,biotech,4,427B,1,biotech_main,#biotech/biotech_4th_floor/fourth_floor_fume_hood_lab_spaces/lab_427b_control/hoodvalve_flow,#biotech/biotech_4th_floor/fourth_floor_fume_hood_lab_spaces/lab_427b_control/hood_sash,#biotech/biotech_4th_floor/fourth_floor_fume_hood_lab_spaces/lab_427b_control/occ,#biotech/biotech_4th_floor/fourth_floor_fume_hood_lab_spaces/lab_427b_control/zone/zone_temp/trend_log,#biotech/ground_flr_mech/building_hydronic_heating_syatems/reheat_heat_exchanger/oat,,Biotech.nanFloor.Lab_427B.Hood_1.energy.occ,Biotech.nanFloor.Lab_427B.Hood_1.energy.unocc,Biotech.nanFloor.Lab_427B.Hood_1.sashOpenTime.occ,Biotech.nanFloor.Lab_427B.Hood_1.sashOpenTime.unocc
56,Biotech.Floor_4.Lab_457B.Hood_1,biotech,4,433,1,biotech_main,#biotech/biotech_4th_floor/fourth_floor_fume_hood_lab_spaces/lab_433_control/hoodvalve_flow,#biotech/biotech_4th_floor/fourth_floor_fume_hood_lab_spaces/lab_433_control/hood_sash,#biotech/biotech_4th_floor/fourth_floor_fume_hood_lab_spaces/lab_433_control/occ,#biotech/biotech_4th_floor/fourth_floor_fume_hood_lab_spaces/lab_433_control/zone/zone_temp/trend_log,#biotech/ground_flr_mech/building_hydronic_heating_syatems/reheat_heat_exchanger/oat,,Biotech.nanFloor.Lab_433.Hood_1.energy.occ,Biotech.nanFloor.Lab_433.Hood_1.energy.unocc,Biotech.nanFloor.Lab_433.Hood_1.sashOpenTime.occ,Biotech.nanFloor.Lab_433.Hood_1.sashOpenTime.unocc
57,Biotech.Floor_4.Lab_457B.Hood_1,biotech,4,433B,1,biotech_main,#biotech/biotech_4th_floor/fourth_floor_fume_hood_lab_spaces/lab_433b_control/hoodvalve_flow,#biotech/biotech_4th_floor/fourth_floor_fume_hood_lab_spaces/lab_433b_control/hood_sash,#biotech/biotech_4th_floor/fourth_floor_fume_hood_lab_spaces/lab_433b_control/occ,#biotech/biotech_4th_floor/fourth_floor_fume_hood_lab_spaces/lab_433b_control/zone/zone_temp/trend_log,#biotech/ground_flr_mech/building_hydronic_heating_syatems/reheat_heat_exchanger/oat,,Biotech.nanFloor.Lab_433B.Hood_1.energy.occ,Biotech.nanFloor.Lab_433B.Hood_1.energy.unocc,Biotech.nanFloor.Lab_433B.Hood_1.sashOpenTime.occ,Biotech.nanFloor.Lab_433B.Hood_1.sashOpenTime.unocc
58,Biotech.Floor_4.Lab_457B.Hood_1,biotech,4,441,1,biotech_main,#biotech/biotech_4th_floor/fourth_floor_fume_hood_lab_spaces/lab_441_control/hoodvalve_flow,#biotech/biotech_4th_floor/fourth_floor_fume_hood_lab_spaces/lab_441_control/hood_sash,#biotech/biotech_4th_floor/fourth_floor_fume_hood_lab_spaces/lab_441_control/occ,#biotech/biotech_4th_floor/fourth_floor_fume_hood_lab_spaces/lab_441_control/zone/zone_temp/trend_log,#biotech/ground_flr_mech/building_hydronic_heating_syatems/reheat_heat_exchanger/oat,,Biotech.nanFloor.Lab_441.Hood_1.energy.occ,Biotech.nanFloor.Lab_441.Hood_1.energy.unocc,Biotech.nanFloor.Lab_441.Hood_1.sashOpenTime.occ,Biotech.nanFloor.Lab_441.Hood_1.sashOpenTime.unocc
59,Biotech.Floor_4.Lab_457B.Hood_1,biotech,4,441B,1,biotech_main,#biotech/biotech_4th_floor/fourth_floor_fume_hood_lab_spaces/lab_441b_control/hoodvalve_flow,#biotech/biotech_4th_floor/fourth_floor_fume_hood_lab_spaces/lab_441b_control/hood_sash,#biotech/biotech_4th_floor/fourth_floor_fume_hood_lab_spaces/lab_441b_control/occ,#biotech/biotech_4th_floor/fourth_floor_fume_hood_lab_spaces/lab_441b_control/zone/zone_temp/trend_log,#biotech/ground_flr_mech/building_hydronic_heating_syatems/reheat_heat_exchanger/oat,,Biotech.nanFloor.Lab_441B.Hood_1.energy.occ,Biotech.nanFloor.Lab_441B.Hood_1.energy.unocc,Biotech.nanFloor.Lab_441B.Hood_1.sashOpenTime.occ,Biotech.nanFloor.Lab_441B.Hood_1.sashOpenTime.unocc
60,Biotech.Floor_4.Lab_457B.Hood_1,biotech,4,445,1,biotech_main,#biotech/biotech_4th_floor/fourth_floor_fume_hood_lab_spaces/lab_445_control/hoodvalve_flow,#biotech/biotech_4th_floor/fourth_floor_fume_hood_lab_spaces/lab_445_control/hood_sash,#biotech/biotech_4th_floor/fourth_floor_fume_hood_lab_spaces/lab_445_control/occ,#biotech/biotech_4th_floor/fourth_floor_fume_hood_lab_spaces/lab_445_control/zone/zone_temp/trend_log,#biotech/ground_flr_mech/building_hydronic_heating_syatems/reheat_heat_exchanger/oat,,Biotech.nanFloor.Lab_445.Hood_1.energy.occ,Biotech.nanFloor.Lab_445.Hood_1.energy.unocc,Biotech.nanFloor.Lab_445.Hood_1.sashOpenTime.occ,Biotech.nanFloor.Lab_445.Hood_1.sashOpenTime.unocc
61,Biotech.Floor_4.Lab_457B.Hood_1,biotech,4,445B,1,biotech_main,#biotech/biotech_4th_floor/fourth_floor_fume_hood_lab_spaces/lab_445b_control/hoodvalve_flow,#biotech/biotech_4th_floor/fourth_floor_fume_hood_lab_spaces/lab_445b_control/hood_sash,#biotech/biotech_4th_floor/fourth_floor_fume_hood_lab_spaces/lab_445b_control/occ,#biotech/biotech_4th_floor/fourth_floor_fume_hood_lab_spaces/lab_445b_control/zone/zone_temp/trend_log,#biotech/ground_flr_mech/building_hydronic_heating_syatems/reheat_heat_exchanger/oat,,Biotech.nanFloor.Lab_445B.Hood_1.energy.occ,Biotech.nanFloor.Lab_445B.Hood_1.energy.unocc,Biotech.nanFloor.Lab_445B.Hood_1.sashOpenTime.occ,Biotech.nanFloor.Lab_445B.Hood_1.sashOpenTime.unocc
62,Biotech.Floor_4.Lab_457B.Hood_1,biotech,4,453,1,biotech_main,#biotech/biotech_4th_floor/fourth_floor_fume_hood_lab_spaces/lab_453_control/hoodvalve_flow,#biotech/biotech_4th_floor/fourth_floor_fume_hood_lab_spaces/lab_453_control/hood_sash,#biotech/biotech_4th_floor/fourth_floor_fume_hood_lab_spaces/lab_453_control/occ,#biotech/biotech_4th_floor/fourth_floor_fume_hood_lab_spaces/lab_453_control/zone/zone_temp/trend_log,#biotech/ground_flr_mech/building_hydronic_heating_syatems/reheat_heat_exchanger/oat,,Biotech.nanFloor.Lab_453.Hood_1.energy.occ,Biotech.nanFloor.Lab_453.Hood_1.energy.unocc,Biotech.nanFloor.Lab_453.Hood_1.sashOpenTime.occ,Biotech.nanFloor.Lab_453.Hood_1.sashOpenTime.unocc
63,Biotech.Floor_4.Lab_457B.Hood_1,biotech,4,453B,1,biotech_main,#biotech/biotech_4th_floor/fourth_floor_fume_hood_lab_spaces/lab_453b_control/hoodvalve_flow,#biotech/biotech_4th_floor/fourth_floor_fume_hood_lab_spaces/lab_453b_control/hood_sash,#biotech/biotech_4th_floor/fourth_floor_fume_hood_lab_spaces/lab_453b_control/occ,#biotech/biotech_4th_floor/fourth_floor_fume_hood_lab_spaces/lab_453b_control/zone/zone_temp/trend_log,#biotech/ground_flr_mech/building_hydronic_heating_syatems/reheat_heat_exchanger/oat,,Biotech.nanFloor.Lab_453B.Hood_1.energy.occ,Biotech.nanFloor.Lab_453B.Hood_1.energy.unocc,Biotech.nanFloor.Lab_453B.Hood_1.sashOpenTime.occ,Biotech.nanFloor.Lab_453B.Hood_1.sashOpenTime.unocc
64,Biotech.Floor_4.Lab_457B.Hood_1,biotech,4,457,1,biotech_main,#biotech/biotech_4th_floor/fourth_floor_fume_hood_lab_spaces/lab_457_control/hoodvalve_flow,#biotech/biotech_4th_floor/fourth_floor_fume_hood_lab_spaces/lab_457_control/hood_sash,#biotech/biotech_4th_floor/fourth_floor_fume_hood_lab_spaces/lab_457_control/occ,#biotech/biotech_4th_floor/fourth_floor_fume_hood_lab_spaces/lab_457_control/zone/zone_temp/trend_log,#biotech/ground_flr_mech/building_hydronic_heating_syatems/reheat_heat_exchanger/oat,,Biotech.nanFloor.Lab_457.Hood_1.energy.occ,Biotech.nanFloor.Lab_457.Hood_1.energy.unocc,Biotech.nanFloor.Lab_457.Hood_1.sashOpenTime.occ,Biotech.nanFloor.Lab_457.Hood_1.sashOpenTime.unocc
65,Biotech.Floor_4.Lab_457B.Hood_1,biotech,4,457B,1,biotech_main,#biotech/biotech_4th_floor/fourth_floor_fume_hood_lab_spaces/lab_457b_control/hoodvalve_flow,#biotech/biotech_4th_floor/fourth_floor_fume_hood_lab_spaces/lab_457b_control/hood_sash,#biotech/biotech_4th_floor/fourth_floor_fume_hood_lab_spaces/lab_457b_control/occ,#biotech/biotech_4th_floor/fourth_floor_fume_hood_lab_spaces/lab_457b_control/zone/zone_temp/trend_log,#biotech/ground_flr_mech/building_hydronic_heating_syatems/reheat_heat_exchanger/oat,,Biotech.nanFloor.Lab_457B.Hood_1.energy.occ,Biotech.nanFloor.Lab_457B.Hood_1.energy.unocc,Biotech.nanFloor.Lab_457B.Hood_1.sashOpenTime.occ,Biotech.nanFloor.Lab_457B.Hood_1.sashOpenTime.unocc
